{
  "num_campaigns": 10,
  "final_best_values": [
    0.40163407996800515,
    0.4028480279543558,
    0.40066372217188295,
    0.4114293831782625,
    0.3983216687015112,
    0.3994599835001562,
    0.406685356471149,
    0.4042168786614617,
    0.4001483392653533,
    0.41463882338235614
  ],
  "mean_final_best": 0.4040046263254494,
  "std_final_best": 0.0051125738388768625,
  "min_final_best": 0.3983216687015112,
  "max_final_best": 0.41463882338235614
}