{
  "num_campaigns": 10,
  "final_best_values": [
    0.4197732775207097,
    0.4153485216325645,
    0.4095141764894894,
    0.398528323696862,
    0.4005967316997818,
    0.40475891563116306,
    0.4004202450865897,
    0.39963653647017594,
    0.40282789770755834,
    0.4022906749726243
  ],
  "mean_final_best": 0.4053695300907519,
  "std_final_best": 0.006837271000382871,
  "min_final_best": 0.398528323696862,
  "max_final_best": 0.4197732775207097
}