{
  "num_campaigns": 10,
  "final_best_values": [
    0.40721707061566015,
    0.40144630130709125,
    0.40144630130709125,
    0.40144630130709125,
    0.40144630130709125,
    0.40144630130709125,
    0.40144630130709125,
    0.40144630130709125,
    0.40144630130709125,
    0.40144630130709125
  ],
  "mean_final_best": 0.40202337823794815,
  "std_final_best": 0.0017312307925706704,
  "min_final_best": 0.40144630130709125,
  "max_final_best": 0.40721707061566015
}