{
  "num_campaigns": 10,
  "final_best_values": [
    0.40420979413860003,
    0.40221925702153705,
    0.3998724982751387,
    0.4016140720526682,
    0.41188780567356353,
    0.4010913645731158,
    0.4094802776708022,
    0.400313049356841,
    0.3980740188635714,
    0.4040961236609295
  ],
  "mean_final_best": 0.40328582612867675,
  "std_final_best": 0.004126435720834971,
  "min_final_best": 0.3980740188635714,
  "max_final_best": 0.41188780567356353
}