{
  "num_campaigns": 10,
  "final_best_values": [
    0.4095848589594109,
    0.40090960003792553,
    0.4007045835219145,
    0.40494823542026026,
    0.39986172385219554,
    0.3998676479507406,
    0.41084050381527426,
    0.3993176260969271,
    0.40923643890135075,
    0.39926902051472624
  ],
  "mean_final_best": 0.4034540239070726,
  "std_final_best": 0.004497115550717132,
  "min_final_best": 0.39926902051472624,
  "max_final_best": 0.41084050381527426
}