{
  "num_campaigns": 10,
  "final_best_values": [
    0.40114981726640586,
    0.3993265500159193,
    0.3984746619841921,
    0.3990841647840426,
    0.4003565846986614,
    0.4095658340602526,
    0.40134743185172006,
    0.39817160445652,
    0.3996232657255394,
    0.40096942373001276
  ],
  "mean_final_best": 0.40080693385732663,
  "std_final_best": 0.003103260385261929,
  "min_final_best": 0.39817160445652,
  "max_final_best": 0.4095658340602526
}