{
  "num_campaigns": 10,
  "final_best_values": [
    0.40065048932692093,
    0.41232625089400976,
    0.39947132273711006,
    0.4049220301480094,
    0.40211119390770556,
    0.4011844463828691,
    0.3994694967345076,
    0.39825260550005837,
    0.4012829413429877,
    0.39963057141017977
  ],
  "mean_final_best": 0.4019301348384358,
  "std_final_best": 0.0038805742245544123,
  "min_final_best": 0.39825260550005837,
  "max_final_best": 0.41232625089400976
}