{
  "num_campaigns": 10,
  "final_best_values": [
    0.40198450876111025,
    0.40000441326293945,
    0.39805435119550303,
    0.40245552225848513,
    0.41877885731925346,
    0.40306949467733943,
    0.3980507788243077,
    0.39885677850025303,
    0.40971000011863623,
    0.4008383359877925
  ],
  "mean_final_best": 0.40318030409056205,
  "std_final_best": 0.006121851845319381,
  "min_final_best": 0.3980507788243077,
  "max_final_best": 0.41877885731925346
}