{
  "num_campaigns": 10,
  "final_best_values": [
    0.3984835217357432,
    0.39926540803291566,
    0.40246817837712534,
    0.4067088132261141,
    0.40460844111171035,
    0.39887594233085366,
    0.40356459276721424,
    0.40669593502302703,
    0.39927763011599815,
    0.39872743166034397
  ],
  "mean_final_best": 0.4018675894381046,
  "std_final_best": 0.0031818997309125837,
  "min_final_best": 0.3984835217357432,
  "max_final_best": 0.4067088132261141
}