{"trial": 31, "x": [18.759037146623314, 5.1805512117900046, 78.30767416722374, 3.80132926634381, 15.240656415067026, 10.300120986942343, 22.39241817739498, 12.707706994583653, 0.4715870750413327, 4.70842078725474, 8.483773174074699, 5.205361615433589, 50.901756931480875, 2.342332652069035, 14.592255044828748, 10.960889035651505, 0.4170317001188515, 37.21966184762728, 47.01097544044708, 0.41786971377957904, 0.6257246280473456, 10.397024159082047, 0.5524421622255016, 0.48101329710380725, 0.47722133244903553, 4.391508343088157, 0.7206317361268226, 0.49652476603996476, 106.9547466164382, 0.42918742693251843, 0.4074071116233817], "y": [38.03350417226208, 5.988827281594254, 50.03886563881209, 4.612048719790494, 4.414814500707825, 9.235091398139826, 26.893298899805547, 14.285448918383526, 0.4900779469534058, 6.507926967132505, 9.486307521664921, 7.280870642206047, 34.15836955282739, 2.816020748767512, 14.372680812274039, 9.595117054269007, 0.3871077252995043, 9.90102335909162, 50.64076886779806, 0.45611407521098, 0.5042416857480134, 8.90743020213625, 0.3685554660492283, 0.6250228552598447, 0.5270517798033847, 19.232568981877773, 0.7295659048826213, 0.409608356634541, 51.789271888218586, 0.3963600444242328, 0.39814020068554257], "error_y": [20.48273488479118, 1.5363699844156151, 27.683736523142223, 2.7471912969506467, 11.88193379739669, 5.0693640168839424, 11.39448885474348, 5.487583791022058, 0.29009422222835, 4.187847215873303, 4.407268792508687, 6.748175543397854, 27.42557638150186, 1.8096061906171457, 4.819645513699184, 2.5266546401914, 0.3581745041630156, 27.787403746854917, 25.639493176487072, 0.32411934839772794, 0.412548501705819, 5.479295178532658, 0.4546339564565256, 0.3948080095209064, 0.5223443116440895, 14.382973957287428, 0.46236032059782584, 0.276058231108145, 34.341789681559455, 0.3343275618213897, 0.2507872345919773]}