{"trial": 18, "x": [2.4712416262952335, 20.626133045870986, 137.71521176148983, 91.34518500112819, 3.3890029541954743, 19.202559618303567, 27.336260074575208, 10.568691382665147, 5.067385859049102, 7.815651746537339, 7.331760655619349, 0.8564164137601633, 18.613544172810638, 0.5240293295002196, 0.48048577824641114, 7.483629811567884, 13.69876493374838, 1.9507962259156635], "y": [3.3287473305307316, 23.837580750792256, 43.90498962214171, 56.48327451060021, 4.707539886572889, 10.890723518004792, 27.999978485472358, 7.1067058135758625, 9.050902159784195, 10.788934018341717, 17.752670014218843, 0.31804358274417055, 17.47668696382126, 0.7440224024397892, 0.7291781579221599, 5.776655063475802, 32.152402883435684, -0.5725620742300279], "error_y": [4.435574646437689, 20.91085237128438, 58.24328519410322, 41.99267933044305, 4.17508870311813, 13.352561509098472, 13.576351516972345, 14.141428984817978, 13.125097961725825, 15.854419595041817, 22.679424092025915, 2.947287955860102, 17.280358416729225, 3.2069161550606977, 2.720976085954966, 24.201012588615395, 29.75375035380036, 6.957005412401029]}