{"trial": 27, "x": [18.759037146623314, 5.1805512117900046, 78.30767416722374, 3.80132926634381, 15.240656415067026, 10.300120986942343, 22.39241817739498, 12.707706994583653, 0.4715870750413327, 4.70842078725474, 8.483773174074699, 5.205361615433589, 50.901756931480875, 2.342332652069035, 14.592255044828748, 10.960889035651505, 0.4170317001188515, 37.21966184762728, 47.01097544044708, 0.41786971377957904, 0.6257246280473456, 10.397024159082047, 0.5524421622255016, 0.48101329710380725, 0.47722133244903553, 4.391508343088157, 0.7206317361268226], "y": [22.46239834032174, 6.292218423612731, 43.77265889768843, 6.303172143196269, 8.880590086376571, 9.41477090958005, 13.695528318835422, 16.517535047768074, 0.35577396271464856, 7.478439059532256, 8.823410429373032, 7.463715019492507, 29.527842035527783, 2.582283726521375, 14.52270644837906, 9.257145673899277, 0.35907693808530716, 14.405640620963984, 39.24205737703322, 0.5344301372549012, 0.4375779269316382, 8.395079134016287, 0.5712774183411362, 0.5418001579011058, 0.5394503710845981, 19.525331054973243, 0.4426101634131303], "error_y": [20.63482731984664, 1.7892954879824414, 26.13360993246603, 3.751406479005575, 12.043613401338282, 6.615184338694583, 14.028598183308082, 6.830584825044911, 0.48355832231279877, 5.189558142362302, 4.989364678611158, 7.757917958821653, 25.996291303911097, 2.16293544412131, 5.836316155264237, 2.89157292826968, 0.624552906110909, 24.33652457285229, 24.070661882195733, 0.5477446466810855, 0.6577772226693348, 6.1265759425244095, 0.7460226822867062, 0.5983206094666433, 0.8227720420504396, 13.799157339718352, 0.6780899193777419]}