{"trial": 12, "x": [18.759037146623314, 5.1805512117900046, 78.30767416722374, 3.80132926634381, 15.240656415067026, 10.300120986942343, 22.39241817739498, 12.707706994583653, 0.4715870750413327, 4.70842078725474, 8.483773174074699, 5.205361615433589, 50.901756931480875], "y": [21.799481776232206, 11.91280837679118, 34.4671618910988, 6.1230855926045376, 20.09980884194153, 2.9307159962283222, 7.941134602111713, 16.46260121331632, 1.152028615934384, 11.376230363786139, 10.701532680710073, 11.706326167466562, 29.021330228279115], "error_y": [27.90894687169466, 33.926546293983705, 35.90995942667729, 10.010330699726802, 27.603524680923172, 14.320521012258757, 21.39143678789933, 13.295216919735024, 6.732660845331411, 21.550829137647618, 20.269829303056245, 15.86623037295955, 38.93115776936749]}