{"trial": 12, "x": [2.4712416262952335, 20.626133045870986, 137.71521176148983, 91.34518500112819, 3.3890029541954743, 19.202559618303567, 27.336260074575208, 10.568691382665147, 5.067385859049102, 7.815651746537339, 7.331760655619349, 0.8564164137601633], "y": [2.690763138534148, 46.05682437138414, 61.38798148891628, 52.33447511879733, 5.264257135542934, 11.996346701138894, 33.20755130158955, 2.9515449960897797, 13.799268001488304, 9.190590185292734, 10.743464912885841, 0.641627767039882], "error_y": [8.923839778754111, 45.32900177201127, 79.0256492403113, 39.5562059564264, 7.347168410171169, 12.107099550765254, 12.185670963220751, 17.319790251943676, 18.283229133499866, 13.495750106398967, 29.24054848790095, 4.888296343586689]}