{"trial": 11, "x": [18.759037146623314, 5.1805512117900046, 78.30767416722374, 3.80132926634381, 15.240656415067026, 10.300120986942343, 22.39241817739498, 12.707706994583653, 0.4715870750413327, 4.70842078725474, 8.483773174074699, 5.205361615433589], "y": [20.20835006711676, 13.251096764345824, 29.005697891502415, 6.451540602014731, 19.577053704151417, 3.5738342805402983, 9.130920195659634, 17.76034886701251, 0.3172188554148683, 8.202316431666977, 10.91849652259635, 10.461228318741082], "error_y": [27.349473059531356, 32.58245667147264, 33.92546397943458, 10.114298512377246, 27.050145230166812, 15.03434430414201, 22.19131545217044, 13.063780738265935, 6.7531233485160795, 23.805185068559283, 21.799264580241445, 15.084319202274392]}