{"trial": 6, "x": [55.041845749330484, 78.4546223767979, 2.7582408797141564, 20.69608202837636, 25.958763364161758, 13.175674148659908], "y": [42.40116415481638, 32.79759709431102, 38.55561109779298, 17.828132582440176, 28.143602685024785, 21.26573017211443], "error_y": [38.53194712026246, 54.454718914280186, 55.842678050302965, 10.806308904990326, 14.734042967613606, 17.772738228845352]}