{"trial": 42, "x": [2.4712416262952335, 20.626133045870986, 137.71521176148983, 91.34518500112819, 3.3890029541954743, 19.202559618303567, 27.336260074575208, 10.568691382665147, 5.067385859049102, 7.815651746537339, 7.331760655619349, 0.8564164137601633, 18.613544172810638, 0.5240293295002196, 0.48048577824641114, 7.483629811567884, 13.69876493374838, 1.9507962259156635, 0.4013641828921095, 1.043320688008988, 0.4067702647824678, 0.4383026727452144, 35.3052528040371, 12.197247946663738, 81.90868772961772, 0.606951272672168, 0.5654992789036832, 0.4384209927762779, 0.40949530734389583, 0.41866308067157476, 0.4033472464720962, 0.43904908792790565, 0.4032793642515742, 0.41526823346525177, 0.40033830458486186, 0.42401055942521104, 0.41561950958652893, 0.40288512576044333, 0.4187246313713029, 0.4024407364081579, 0.4010639623360248], "y": [2.019974188262033, 15.053860940006983, 53.803302273741565, 46.996672107162325, 3.0425961702400723, 15.84097774713122, 33.0314928108553, 10.853290957717707, 5.51687590572787, 9.660739561515825, 9.038342816332849, 0.8924305795577414, 24.908779939305216, 0.5735791982518208, 0.48985957606153896, 3.6729024592010386, 25.52001922704078, 1.545568348963167, 0.3932918465490367, 0.9847404400051936, 0.4072640395364697, 0.430076252288746, 32.593370172186525, 32.3481989368143, 69.49809375280152, 0.6270165282539164, 0.5662347784180941, 0.44566325816364305, 0.41548686499736753, 0.4264530441894987, 0.4002691022688669, 0.4195999268666881, 0.4105416306482521, 0.4051340743350007, 0.4002617735257008, 0.4216377064645904, 0.42536775804062366, 0.39585676497824807, 0.4280576594644483, 0.4024821487480299, 0.40647119022545475], "error_y": [2.221976164237862, 14.484234432530512, 38.774937477855815, 37.75215145054239, 2.7804607373939714, 12.006633467499247, 12.680557553543078, 7.15189038665848, 7.435354806135366, 8.761235652181762, 8.356530265217868, 0.6503370965182935, 13.088740855568235, 0.3599882244910096, 0.21749701618891917, 12.8387780382583, 25.642354555293473, 2.2878354747272964, 0.1893468675064066, 0.8092256363065199, 0.2944784921387616, 0.1716791203388552, 15.84612088720084, 17.506685216577733, 37.497265955919715, 0.3340811771213728, 0.3096502312324136, 0.20660807003697426, 0.1885245649293772, 0.21555417092450518, 0.16575614334369193, 0.2509488603170303, 0.20964693312285249, 0.1776201697000347, 0.22762302768614004, 0.16857499447802188, 0.2427138487125496, 0.1637883715259388, 0.18862431535378693, 0.1810320942277756, 0.20082114061245868]}