{"trial": 33, "x": [18.759037146623314, 5.1805512117900046, 78.30767416722374, 3.80132926634381, 15.240656415067026, 10.300120986942343, 22.39241817739498, 12.707706994583653, 0.4715870750413327, 4.70842078725474, 8.483773174074699, 5.205361615433589, 50.901756931480875, 2.342332652069035, 14.592255044828748, 10.960889035651505, 0.4170317001188515, 37.21966184762728, 47.01097544044708, 0.41786971377957904, 0.6257246280473456, 10.397024159082047, 0.5524421622255016, 0.48101329710380725, 0.47722133244903553, 4.391508343088157, 0.7206317361268226, 0.49652476603996476, 106.9547466164382, 0.42918742693251843, 0.4074071116233817, 0.4012704260806146, 0.43257525018188936], "y": [37.92346570558536, 5.90614740720007, 50.46320789224632, 4.54492920032706, 4.392251071294611, 9.159635079681362, 26.823618858937643, 13.976610767281503, 0.4859967663871192, 6.277904430430773, 9.484772899931869, 6.969667873292193, 34.26560091296203, 2.822522237897646, 14.514342211218572, 9.665638998477597, 0.3968774775595829, 9.958409555553587, 50.39273963785077, 0.4653165425691519, 0.5264498398689135, 8.874592698695057, 0.4175614336795075, 0.6128336515171107, 0.5052359295967062, 19.342552157794653, 0.7297164735172874, 0.42926325804354626, 51.91121097610528, 0.4085460442236286, 0.4058391500219969, 0.4097818435437297, 0.40079198532309057], "error_y": [20.345208164945145, 1.4422702758084585, 27.278746401917058, 2.4589103195005664, 11.722324011455276, 4.548740443700452, 10.639498544552826, 5.090809313387526, 0.23834996805321054, 3.751605566413123, 4.2797585791165105, 6.273154616689018, 26.762705082192483, 1.7125637037412649, 4.480497759533495, 2.4025008055823265, 0.25056905665650747, 27.3772302217086, 25.41740356228526, 0.24899645206097631, 0.3497418681878061, 5.294002246017845, 0.3554391225106108, 0.34576438135435567, 0.37776542802208757, 14.167749762446313, 0.4217781273766202, 0.21291526232301566, 33.67090785313271, 0.24260659111953947, 0.1858690961017394, 0.2585174417239881, 0.21930436075092197]}