{"trial": 45, "x": [2.4712416262952335, 20.626133045870986, 137.71521176148983, 91.34518500112819, 3.3890029541954743, 19.202559618303567, 27.336260074575208, 10.568691382665147, 5.067385859049102, 7.815651746537339, 7.331760655619349, 0.8564164137601633, 18.613544172810638, 0.5240293295002196, 0.48048577824641114, 7.483629811567884, 13.69876493374838, 1.9507962259156635, 0.4013641828921095, 1.043320688008988, 0.4067702647824678, 0.4383026727452144, 35.3052528040371, 12.197247946663738, 81.90868772961772, 0.606951272672168, 0.5654992789036832, 0.4384209927762779, 0.40949530734389583, 0.41866308067157476, 0.4033472464720962, 0.43904908792790565, 0.4032793642515742, 0.41526823346525177, 0.40033830458486186, 0.42401055942521104, 0.41561950958652893, 0.40288512576044333, 0.4187246313713029, 0.4024407364081579, 0.4010639623360248, 0.411816119011986, 308.12909601160663, 0.4176248336776389], "y": [2.319094226640864, 26.88326984351273, 180.54155337350554, 59.19276942473565, 2.3246404477672087, 13.543922386706127, 33.71208263641837, 5.504482054105395, 4.6089126498528845, 10.001624130677973, 8.992805514587438, 0.7257182084336513, 25.364486373409182, 0.5196016935877061, 0.4875970665860123, 19.197064576609282, -7.5782070090260305, 1.8711451786187006, 0.4431477082543225, 0.9480325079525223, 0.4034158603680247, 0.43544866462101695, 22.30273848538889, 0.6071583309098934, 129.08345766089838, 0.6218988347370953, 0.5765894331312857, 0.4309352124622201, 0.41471403075183133, 0.4464774229160966, 0.4161335569989504, 0.5123171752297999, 0.40852447745984577, 0.443725594922352, 0.39907287615510967, 0.4182056666186611, 0.42174354868101815, 0.42277238853190013, 0.4263552216887163, 0.4236448054633968, 0.40518290339104723, 0.41820217912916036, 182.75040094509774, 0.4211548779952956], "error_y": [2.4936355530466505, 15.037401915218837, 32.286902881839694, 50.160883718829474, 3.319461781321772, 13.399281230875653, 13.665854566536094, 8.750627493214608, 8.56269126780326, 10.26132614347662, 10.20039999674814, 0.960746966884637, 13.432991604042511, 0.5146994751071573, 0.384483464359597, 13.184503745990552, 31.01746596029092, 3.1771646021049644, 0.3037577748350213, 1.2260983093394686, 0.5090855223769128, 0.29533961660796093, 16.610817723125862, 17.260836537903298, 48.50954153088931, 0.5382784707304585, 0.5198459276923427, 0.32473598529789627, 0.34450051549562294, 0.3581395655492832, 0.2815342206254979, 0.3458512004525789, 0.37934282008896764, 0.2951683269919345, 0.4092889747183106, 0.2784691103528587, 0.4299148210629353, 0.2781160188065161, 0.3442949764826748, 0.30499378678586375, 0.36577917325323034, 0.27340503429527363, 48.83321320082851, 0.3067655697472642]}