{"trial": 41, "x": [18.759037146623314, 5.1805512117900046, 78.30767416722374, 3.80132926634381, 15.240656415067026, 10.300120986942343, 22.39241817739498, 12.707706994583653, 0.4715870750413327, 4.70842078725474, 8.483773174074699, 5.205361615433589, 50.901756931480875, 2.342332652069035, 14.592255044828748, 10.960889035651505, 0.4170317001188515, 37.21966184762728, 47.01097544044708, 0.41786971377957904, 0.6257246280473456, 10.397024159082047, 0.5524421622255016, 0.48101329710380725, 0.47722133244903553, 4.391508343088157, 0.7206317361268226, 0.49652476603996476, 106.9547466164382, 0.42918742693251843, 0.4074071116233817, 0.4012704260806146, 0.43257525018188936, 0.4054889246015936, 0.40304335237378375, 0.4202439741059081, 0.4054269047117387, 0.39899342020827966, 0.41681582796962857, 0.43443779957212136, 0.4212118310695079], "y": [37.39419624300191, 5.802099346712665, 49.14388734250285, 4.621651995430138, 4.4378092290627436, 8.927476050758095, 26.8595399919339, 14.15783975281403, 0.46670757341056657, 6.183984351513938, 9.349044388873171, 6.380753425205215, 34.26667255603755, 2.714462619160715, 14.69119080481897, 9.758279172522316, 0.3969519309816967, 10.848344943854856, 49.39813436884666, 0.44267936232954064, 0.5404006393519225, 8.95497428370145, 0.42452927441639154, 0.5507595952030826, 0.476153810265604, 19.677057763897977, 0.7321806384989706, 0.43051035434569407, 50.66513189141535, 0.4119688406507134, 0.39299518061461036, 0.40053369784907034, 0.3953495671940157, 0.433115262757541, 0.41185524476310675, 0.43323656916206055, 0.40055364449267294, 0.4008320027347807, 0.41325808924738716, 0.5050812297552518, 0.4424494655057085], "error_y": [20.299988149988856, 1.396828736689722, 27.074767906730113, 2.3667011933849134, 11.815363086746983, 4.325502926150701, 10.624244229769909, 5.14323558671862, 0.19478122194763323, 3.5590178553008798, 4.3023099641142695, 5.880609660989462, 26.104023448560124, 1.6401696870413125, 4.486895226882053, 2.3986503550336726, 0.17471946231901694, 26.487782992054072, 25.197931943601873, 0.18382815351130244, 0.32048680585237604, 5.360839230156671, 0.33274651513360237, 0.25157967573532924, 0.2653639485577492, 14.073860653261335, 0.4088469400588947, 0.1910647034004615, 32.647084116908786, 0.17767836045814067, 0.13570763813419906, 0.16730850527852345, 0.17973368782384222, 0.1590020717849577, 0.1584406799439933, 0.19323432494572162, 0.15843193096777877, 0.14331758610188214, 0.14542003205497497, 0.2088337251652248, 0.16487750050312855]}