{"trial": 35, "x": [2.4712416262952335, 20.626133045870986, 137.71521176148983, 91.34518500112819, 3.3890029541954743, 19.202559618303567, 27.336260074575208, 10.568691382665147, 5.067385859049102, 7.815651746537339, 7.331760655619349, 0.8564164137601633, 18.613544172810638, 0.5240293295002196, 0.48048577824641114, 7.483629811567884, 13.69876493374838, 1.9507962259156635, 0.4013641828921095, 1.043320688008988, 0.4067702647824678, 0.4383026727452144, 35.3052528040371, 12.197247946663738, 81.90868772961772, 0.606951272672168, 0.5654992789036832, 0.4384209927762779, 0.40949530734389583, 0.41866308067157476, 0.4033472464720962, 0.43904908792790565, 0.4032793642515742, 0.41526823346525177], "y": [1.9966735936682323, 15.307798594516143, 55.49150285116312, 48.798498205185055, 3.0016418465977406, 15.764243154906753, 32.94167120337855, 10.636829360703604, 5.403400254188464, 9.557239428484452, 8.798403748022968, 0.8872047007200834, 24.43122954327373, 0.5742561083569377, 0.4954098055293876, 3.3611258191150224, 26.27855122730752, 1.5069300167574173, 0.39344295082193703, 0.9847628623777656, 0.4208693291897454, 0.4284005049422319, 33.103814581883135, 31.352702076624855, 71.10210693602343, 0.6307748471339849, 0.5655581508266341, 0.44421742845323564, 0.42348180973711713, 0.4267082765971626, 0.3992776166742029, 0.4212893274745362, 0.42079170559390633, 0.4046210961347132], "error_y": [2.2689122064536353, 13.99317939889992, 39.64297596548119, 37.81945679542593, 2.837016132289478, 11.866837196962317, 12.186957552886229, 7.2390818419775815, 7.149011084431213, 8.425005184406736, 8.16088128663165, 0.6798941953261114, 12.424903176754142, 0.41150134212438755, 0.27017967389241043, 12.49672624089891, 25.95888162234432, 2.4011864530638043, 0.2296075234691915, 0.851675982257776, 0.4978308181862417, 0.2055833578336993, 15.259816224676422, 17.011222855558618, 38.34857859386592, 0.35989343137369234, 0.34012060895367086, 0.24960665825758868, 0.2961203899388683, 0.2650246266858306, 0.2086551062051986, 0.27994285621903464, 0.3460368691076938, 0.21283063598860433]}