{"trial": 26, "x": [55.041845749330484, 78.4546223767979, 2.7582408797141564, 20.69608202837636, 25.958763364161758, 13.175674148659908, 2.192616211042038, 5.136258864306655, 3.7629678973453284, 1.9952332890923312, 64.381898347721, 14.189210599976011, 15.802471562650565, 1.985616938692294, 0.5127721286082565, 0.6525264187320978, 0.42854979823023776, 5.896115611230093, 0.6757261714269394, 0.4637960507942278, 0.41462645624994643, 0.40630145843577736, 0.5467868607411877, 0.40696941327494685, 308.12909601160663, 0.4221735035570866], "y": [90.33760883955651, 47.50536640379502, 1.9547601739054805, 17.806458952587903, 15.85232384935898, 15.341914691562152, 1.399368568422858, 4.222801397543233, 3.7873977445417424, 2.9360511455602705, 159.06364672369685, 12.231578539289663, 17.53508152116943, 2.241386895372635, 0.538899254066429, 0.633814283227661, 0.4685610314511095, 7.763307590369621, 0.7506650838112812, 0.4079736615451779, 0.4643869920310699, 0.40011669813527106, 0.458115044836795, 0.3765498086097132, 89.16853861663228, 0.4552209062082966], "error_y": [29.32985082702595, 57.834718242973594, 4.215377385287026, 12.609323299177444, 11.798526115628365, 5.230171667593199, 2.7466765987724546, 6.755428631516788, 2.0735683367376967, 3.6902186349662114, 107.95341205217208, 10.987694375043322, 7.809489768825098, 2.0590899498086572, 0.6794000764950039, 0.6744054949091447, 0.7256937861485578, 11.116136163496003, 0.8017128484927779, 0.6591782496388703, 0.7138659013751123, 0.5175858733504308, 0.9384047367653281, 0.5670790192890265, 88.79342218438342, 0.6756988132915851]}