{"trial": 44, "x": [18.759037146623314, 5.1805512117900046, 78.30767416722374, 3.80132926634381, 15.240656415067026, 10.300120986942343, 22.39241817739498, 12.707706994583653, 0.4715870750413327, 4.70842078725474, 8.483773174074699, 5.205361615433589, 50.901756931480875, 2.342332652069035, 14.592255044828748, 10.960889035651505, 0.4170317001188515, 37.21966184762728, 47.01097544044708, 0.41786971377957904, 0.6257246280473456, 10.397024159082047, 0.5524421622255016, 0.48101329710380725, 0.47722133244903553, 4.391508343088157, 0.7206317361268226, 0.49652476603996476, 106.9547466164382, 0.42918742693251843, 0.4074071116233817, 0.4012704260806146, 0.43257525018188936, 0.4054889246015936, 0.40304335237378375, 0.4202439741059081, 0.4054269047117387, 0.39899342020827966, 0.41681582796962857, 0.43443779957212136, 0.4212118310695079, 0.4045465348206747, 0.4118144564249242, 0.42251031103243797], "y": [37.177778399805035, 5.795439288783967, 48.71866642862521, 4.635783172781034, 4.482603061887195, 8.871428694105598, 26.861058115277736, 14.186120666081575, 0.4645694255318933, 6.186504601716958, 9.31116890326172, 6.286787947132735, 34.208840825292825, 2.6731052117977576, 14.746146905847587, 9.764850622708705, 0.39807967934078015, 11.18566059198408, 49.08154326012149, 0.44128989861662404, 0.5439986589600441, 8.958048192091178, 0.4350364077692266, 0.5427678247651411, 0.47220110937724513, 19.795277961982002, 0.7353233639102665, 0.4337951314779058, 50.232679733039014, 0.4136066545825674, 0.39290841307537683, 0.399943373215061, 0.39784540779426436, 0.4299442772018036, 0.41140831348531215, 0.431215173057943, 0.4012235409580267, 0.4000570109645736, 0.41172477996084034, 0.49942744468165934, 0.4416294516672856, 0.4307773420623686, 0.3950748205482917, 0.42889206267184754], "error_y": [20.28037843705374, 1.4032998846269087, 27.00342284433943, 2.366696298623639, 11.858960279175907, 4.323797051064351, 10.61911349539964, 5.180110718273886, 0.18929676977410723, 3.562409241097566, 4.33448086802522, 5.815066169781837, 25.98712274908534, 1.5918645149577524, 4.510902979853915, 2.41188073247412, 0.16358363664715148, 26.177562035536663, 25.10670122872074, 0.16258499136387988, 0.31176784612503716, 5.398873935808302, 0.3094636482714233, 0.2391530520532337, 0.25888267023446093, 14.056369091820283, 0.4087599532232953, 0.18170168657330732, 32.2807524240278, 0.16519437271786808, 0.12180398195383914, 0.1563846541171215, 0.1618137978727545, 0.14357753750320382, 0.1465424081146582, 0.18404847507521566, 0.14567930372665855, 0.1258130485980413, 0.13515605071239858, 0.19118568669091643, 0.1534908097953518, 0.14467376701046972, 0.13897851764199526, 0.14619884101978065]}