{"trial": 39, "x": [18.759037146623314, 5.1805512117900046, 78.30767416722374, 3.80132926634381, 15.240656415067026, 10.300120986942343, 22.39241817739498, 12.707706994583653, 0.4715870750413327, 4.70842078725474, 8.483773174074699, 5.205361615433589, 50.901756931480875, 2.342332652069035, 14.592255044828748, 10.960889035651505, 0.4170317001188515, 37.21966184762728, 47.01097544044708, 0.41786971377957904, 0.6257246280473456, 10.397024159082047, 0.5524421622255016, 0.48101329710380725, 0.47722133244903553, 4.391508343088157, 0.7206317361268226, 0.49652476603996476, 106.9547466164382, 0.42918742693251843, 0.4074071116233817, 0.4012704260806146, 0.43257525018188936, 0.4054889246015936, 0.40304335237378375, 0.4202439741059081, 0.4054269047117387, 0.39899342020827966, 0.41681582796962857], "y": [37.55034728799614, 5.834613545901352, 49.53959388992036, 4.577797732385628, 4.449216408538051, 9.041823337165082, 26.819431818090326, 14.051422918356838, 0.47308527745308737, 6.209674002836687, 9.400136455630161, 6.784699700773241, 34.197845216330215, 2.7720073342515708, 14.611130475239433, 9.725304333980885, 0.39783071033385653, 10.642872299951405, 49.76268895077211, 0.45432194667207604, 0.537866750478134, 8.900871418147766, 0.4236931433186104, 0.5760613146289977, 0.4839698938342263, 19.592222832653686, 0.7251708588373873, 0.4292691948048599, 50.96795598214759, 0.4118103376592419, 0.39865340119785486, 0.4034667024741285, 0.399020766881204, 0.4459729055063306, 0.4143669476748073, 0.4381269747040033, 0.4016157617174603, 0.4090492074717851, 0.4205042812075348], "error_y": [20.34657908728441, 1.410740058346488, 27.20295066388329, 2.4049615899436927, 11.80630932678643, 4.454173323462983, 10.615724714773012, 5.166333199722616, 0.20059678657857424, 3.6166895260159015, 4.329533727959167, 6.173226653638111, 26.355935830257074, 1.6900000067933008, 4.4799568424719185, 2.4013527023420504, 0.18532334143957413, 26.701585877853567, 25.294353588169503, 0.20201564558880916, 0.323452919146479, 5.358907577223496, 0.3344065115544797, 0.28189772211731307, 0.2800348977950804, 14.116076707347395, 0.41059623643113374, 0.1927880441055742, 32.91933303842343, 0.18767109793628686, 0.14438103520605977, 0.18139419061957515, 0.18580579550208123, 0.17887571983126047, 0.17321543840165912, 0.20878421088799556, 0.17096760009138506, 0.1568096898470354, 0.1551193331656383]}