{"trial": 32, "x": [55.041845749330484, 78.4546223767979, 2.7582408797141564, 20.69608202837636, 25.958763364161758, 13.175674148659908, 2.192616211042038, 5.136258864306655, 3.7629678973453284, 1.9952332890923312, 64.381898347721, 14.189210599976011, 15.802471562650565, 1.985616938692294, 0.5127721286082565, 0.6525264187320978, 0.42854979823023776, 5.896115611230093, 0.6757261714269394, 0.4637960507942278, 0.41462645624994643, 0.40630145843577736, 0.5467868607411877, 0.40696941327494685, 308.12909601160663, 0.4221735035570866, 0.4289127629991736, 0.4080748129761158, 0.3986794554750208, 0.43952544968514395, 0.398252129323895, 0.4415826631509727], "y": [91.15751799581807, 48.14391088002877, 2.0356852751087047, 18.168733842158428, 15.511308516886379, 15.297662208012056, 1.4028461498320546, 4.183373424889936, 3.7866975238428218, 2.9611902181056458, 151.7353525026652, 12.300151341498568, 17.487029848526618, 2.2009487460912567, 0.5197241241466166, 0.639469418416553, 0.4455876847873128, 7.805430825444047, 0.7307996604216775, 0.4318827540670398, 0.44031616747163227, 0.40438268256799503, 0.5099899329573958, 0.3929715639397351, 86.31294220872581, 0.43340852656194073, 0.4139549175574473, 0.4086935642320242, 0.42550685796785714, 0.4237286394769484, 0.38984320909172965, 0.46137161727204656], "error_y": [30.208029122620232, 56.70874208541554, 3.995582442224243, 12.853369356151445, 12.44508754639002, 5.47856326414234, 2.741759994166768, 6.892581310745697, 1.9189484045158036, 3.6393550585730496, 100.61687221883044, 11.18151031329237, 7.884689720530833, 1.8889569979915075, 0.4930617650409601, 0.5556206674122033, 0.524339597713753, 10.873363213814793, 0.7002982563961196, 0.47321192478072716, 0.5002083220988047, 0.36602147008987435, 0.7120678813831276, 0.3854490855102718, 85.08532293141901, 0.47746298394887554, 0.3817924446690276, 0.38304062641306424, 0.5085660113273973, 0.4476343899346084, 0.3611259136692364, 0.4934383312473366]}