{"trial": 10, "x": [2.4712416262952335, 20.626133045870986, 137.71521176148983, 91.34518500112819, 3.3890029541954743, 19.202559618303567, 27.336260074575208, 10.568691382665147, 5.067385859049102, 7.815651746537339], "y": [7.0059258044896815, 46.395756468099535, 61.15891863037349, 50.26450135141795, 18.226583002479536, 11.654139873414106, 33.16886901957041, -2.468662704572992, 14.69446489823509, 7.998901538989568], "error_y": [19.039851581318533, 50.61119214958053, 84.85834894443528, 46.92034148935494, 29.51316609951238, 14.412618060975108, 15.168235054757861, 25.519489064957305, 21.714559226003114, 20.339438933733508]}