{"trial": 3, "x": [55.041845749330484, 78.4546223767979, 2.7582408797141564, 20.69608202837636], "y": [38.71825686897915, 37.440824591933904, 38.84547329517876, 42.0885651567753], "error_y": [66.58309086312998, 66.32307820757785, 66.57732582350079, 66.31599633317754]}