{"trial": 36, "x": [18.759037146623314, 5.1805512117900046, 78.30767416722374, 3.80132926634381, 15.240656415067026, 10.300120986942343, 22.39241817739498, 12.707706994583653, 0.4715870750413327, 4.70842078725474, 8.483773174074699, 5.205361615433589, 50.901756931480875, 2.342332652069035, 14.592255044828748, 10.960889035651505, 0.4170317001188515, 37.21966184762728, 47.01097544044708, 0.41786971377957904, 0.6257246280473456, 10.397024159082047, 0.5524421622255016, 0.48101329710380725, 0.47722133244903553, 4.391508343088157, 0.7206317361268226, 0.49652476603996476, 106.9547466164382, 0.42918742693251843, 0.4074071116233817, 0.4012704260806146, 0.43257525018188936, 0.4054889246015936, 0.40304335237378375, 0.4202439741059081], "y": [37.74337360823254, 5.839490037658277, 49.9747677954372, 4.569696839404456, 4.409100546634004, 9.086884230001813, 26.840970053065146, 14.033411260021884, 0.476754140612087, 6.205165104003243, 9.438017098868672, 6.846078667616984, 34.299846017585494, 2.7892017291999824, 14.56643949866287, 9.721769401968185, 0.39465535991925904, 10.291481583834443, 50.05101917011898, 0.45648532992374946, 0.530540205855047, 8.913999709514002, 0.41853247883857136, 0.5871518481229447, 0.4868684477907017, 19.464577481040354, 0.7261397456998502, 0.4279074798723279, 51.420914305700386, 0.40798604287682316, 0.3998886353105924, 0.40259100179199336, 0.39790061606314, 0.4505115993906692, 0.41333480151623725, 0.43900205134145587], "error_y": [20.331230489254796, 1.401070517967186, 27.22559705748268, 2.4121364264263105, 11.751420385592912, 4.45398392725327, 10.626653223661046, 5.122643590022711, 0.22148378871092225, 3.6056785329139664, 4.279982679322819, 6.219375403806036, 26.42250929107331, 1.6958334401937087, 4.455349792148252, 2.384987922124437, 0.20447941633731864, 27.025783732877812, 25.3429301034109, 0.2250335713287576, 0.33809043387508564, 5.305999878601468, 0.34883599294014234, 0.30867586121807966, 0.2926105848682073, 14.12522652329976, 0.4218877314423575, 0.2057040357087291, 33.278369828101006, 0.20667070792692416, 0.1669550316621252, 0.1990358415900816, 0.20480197070135905, 0.20396592031831734, 0.19080994221757866, 0.22362321444762223]}