{"trial": 17, "x": [18.759037146623314, 5.1805512117900046, 78.30767416722374, 3.80132926634381, 15.240656415067026, 10.300120986942343, 22.39241817739498, 12.707706994583653, 0.4715870750413327, 4.70842078725474, 8.483773174074699, 5.205361615433589, 50.901756931480875, 2.342332652069035, 14.592255044828748, 10.960889035651505, 0.4170317001188515], "y": [21.979839008315345, 8.112535778338415, 36.36430651255449, 5.989849798874435, 20.309854200260382, 7.694184596939087, 11.062667588579174, 17.857759888614343, -0.004089045749269715, 8.804041396549778, 8.72584693250054, 10.34137718876805, 29.9865247810233, 1.549382166886014, 12.127234950977732, 8.016805425585769, 0.48356588048500093], "error_y": [24.68134672915796, 4.390316502563054, 30.3424057054585, 8.141139457574091, 24.234779719537162, 8.86511589673067, 18.88928219952036, 10.425001519980889, 5.124990258915307, 9.391854062843434, 7.617708171984469, 12.447337171630481, 29.888527509714855, 4.057877905783834, 9.575523314988745, 5.445581386739382, 2.9616217705365977]}