{"trial": 19, "x": [2.4712416262952335, 20.626133045870986, 137.71521176148983, 91.34518500112819, 3.3890029541954743, 19.202559618303567, 27.336260074575208, 10.568691382665147, 5.067385859049102, 7.815651746537339, 7.331760655619349, 0.8564164137601633, 18.613544172810638, 0.5240293295002196, 0.48048577824641114, 7.483629811567884, 13.69876493374838, 1.9507962259156635, 0.4013641828921095], "y": [3.1450529608857956, 24.18421530777413, 43.60974022014925, 56.985706139225464, 4.6694856711417785, 11.158772492260074, 27.740890112295943, 8.177654781428037, 8.424281926250032, 10.532507176839221, 17.590735178081992, 0.3944454955774468, 17.166289356974172, 0.7259200705450759, 0.6894389066859077, 5.5453711544592235, 32.3492649614531, -0.1994504540138884, 0.28522301799039695], "error_y": [3.9052664779482784, 20.323876727948182, 57.032597981237885, 40.94384817888571, 3.777723886130166, 12.927029339858363, 12.849276264121922, 12.746242953419475, 11.563643514716864, 15.035801460957893, 21.94093841016282, 2.299431592123388, 16.209879162882892, 2.104113779802111, 2.3593943923387055, 23.668609166069782, 29.174581209425135, 6.233185946436063, 1.8189862197671447]}