{"trial": 34, "x": [55.041845749330484, 78.4546223767979, 2.7582408797141564, 20.69608202837636, 25.958763364161758, 13.175674148659908, 2.192616211042038, 5.136258864306655, 3.7629678973453284, 1.9952332890923312, 64.381898347721, 14.189210599976011, 15.802471562650565, 1.985616938692294, 0.5127721286082565, 0.6525264187320978, 0.42854979823023776, 5.896115611230093, 0.6757261714269394, 0.4637960507942278, 0.41462645624994643, 0.40630145843577736, 0.5467868607411877, 0.40696941327494685, 308.12909601160663, 0.4221735035570866, 0.4289127629991736, 0.4080748129761158, 0.3986794554750208, 0.43952544968514395, 0.398252129323895, 0.4415826631509727, 0.4086123891686988, 0.4060055204062323], "y": [91.34287856426529, 48.27978105305611, 2.0840826254456886, 18.29857880134115, 15.42369934914611, 15.275826298836481, 1.4080243747255423, 4.183646592573222, 3.785071745942446, 2.963394596575897, 149.55891764551632, 12.339038551219303, 17.46782789530601, 2.194898205072331, 0.5141178141738365, 0.6386346246322674, 0.4384190968856245, 7.710235618941246, 0.7254774390964194, 0.4350971589216712, 0.4331341083724993, 0.4038933203819042, 0.5189823816228909, 0.3950400365920004, 85.50237364398014, 0.42691732552059847, 0.414552022694906, 0.4085870052555194, 0.41795556230666975, 0.4275679865315283, 0.3905255852880529, 0.45479124397737536, 0.40293259309667917, 0.43549370368120677], "error_y": [30.462004741790658, 56.36787616401757, 3.920962185655754, 12.938669099317586, 12.649755044678997, 5.558366293000906, 2.744956323135466, 6.876436782980524, 1.878561191979567, 3.613288373011216, 98.46584549706971, 11.25295502062636, 7.908120153708991, 1.8564380687176878, 0.44849363021940053, 0.5439109438873947, 0.4657583317483175, 10.669332221271063, 0.6828933537524926, 0.4469145558416957, 0.4414507546454035, 0.3417787230957764, 0.680560946861363, 0.3559318190110376, 83.9373270576888, 0.4246694030379721, 0.3584311360620571, 0.35635579983569754, 0.44753427476718183, 0.4162231069779022, 0.3339424952486279, 0.43916671794726553, 0.3502400929640741, 0.46549237549122424]}