{"trial": 17, "x": [2.4712416262952335, 20.626133045870986, 137.71521176148983, 91.34518500112819, 3.3890029541954743, 19.202559618303567, 27.336260074575208, 10.568691382665147, 5.067385859049102, 7.815651746537339, 7.331760655619349, 0.8564164137601633, 18.613544172810638, 0.5240293295002196, 0.48048577824641114, 7.483629811567884, 13.69876493374838], "y": [4.776047541095643, 23.178728621884943, 46.76892426517817, 55.88369402155514, 4.3884285042430875, 9.964910013703784, 29.524848162937744, 5.712318110474467, 9.883831426747156, 10.654030637631982, 17.164437420451637, 0.5778876580842827, 18.10564263867344, 0.9591533204020308, -2.6026640219617505, 5.958065320586787, 30.319486835644206], "error_y": [4.948402968253965, 20.04282445768352, 58.50076317860203, 41.86650565811311, 4.38940062110097, 12.592682536201998, 14.374374832316711, 13.992337495002522, 13.863955296096101, 16.24282581218535, 23.368295700051917, 3.147788427244595, 17.06130826648998, 3.380644999621914, 6.473752373211121, 23.26542094748254, 28.88314586593777]}