{"trial": 13, "x": [55.041845749330484, 78.4546223767979, 2.7582408797141564, 20.69608202837636, 25.958763364161758, 13.175674148659908, 2.192616211042038, 5.136258864306655, 3.7629678973453284, 1.9952332890923312, 64.381898347721, 14.189210599976011, 15.802471562650565], "y": [48.97919259568461, 37.77135513286432, 3.813810090687653, 26.227803960910613, 25.87509685160826, 12.054086606776966, 2.3044505308950356, 7.716841325207886, 10.099853376589405, 1.7383372888305821, 43.109936078293714, 5.7685515505247835, 11.641177626007819], "error_y": [21.434640666263473, 40.46989119360757, 7.282887695775827, 14.771717066809144, 11.44054195734465, 8.408913857849933, 6.6636304624511995, 12.610254779847613, 9.270988150687515, 3.961846156187239, 49.605673519876454, 16.788912684205076, 12.612061848144448]}