{"trial": 30, "x": [55.041845749330484, 78.4546223767979, 2.7582408797141564, 20.69608202837636, 25.958763364161758, 13.175674148659908, 2.192616211042038, 5.136258864306655, 3.7629678973453284, 1.9952332890923312, 64.381898347721, 14.189210599976011, 15.802471562650565, 1.985616938692294, 0.5127721286082565, 0.6525264187320978, 0.42854979823023776, 5.896115611230093, 0.6757261714269394, 0.4637960507942278, 0.41462645624994643, 0.40630145843577736, 0.5467868607411877, 0.40696941327494685, 308.12909601160663, 0.4221735035570866, 0.4289127629991736, 0.4080748129761158, 0.3986794554750208, 0.43952544968514395], "y": [90.91037372462917, 48.02811265754526, 2.003295309581361, 18.047605467276124, 15.61760595225056, 15.309706903986463, 1.3984637549046433, 4.181119765048571, 3.787390441862591, 2.9597111656922124, 154.07220009866094, 12.277829911140948, 17.502153323677973, 2.207485227680202, 0.5254946355976209, 0.6396161120344175, 0.45182908927074195, 7.794465042101487, 0.7367074695532487, 0.4278059817549753, 0.4472958310709956, 0.4046028125305554, 0.49980763483370794, 0.3903360641022111, 87.22175323099307, 0.4396701710783866, 0.4128289680543986, 0.40855521199737765, 0.4325812025485689, 0.41916900000034474], "error_y": [29.908471234668355, 57.00948997330095, 4.101690145925532, 12.742994435440739, 12.221715353815442, 5.38387360186056, 2.736811066536981, 6.88340872665713, 1.9332922186200436, 3.6616088241628377, 102.89369003795267, 11.072432705672773, 7.838987121405343, 1.9244734739381695, 0.5622301784137315, 0.5766152445522883, 0.5875331382896352, 10.993460228880975, 0.7225235302984654, 0.5045449452526439, 0.5740794795825894, 0.3956442559646662, 0.7426979089599753, 0.4180500214090936, 86.2517186087619, 0.5462868206639457, 0.4118615883288305, 0.41303684865165774, 0.5801650992163755, 0.4799701411852955]}