{"trial": 30, "x": [2.4712416262952335, 20.626133045870986, 137.71521176148983, 91.34518500112819, 3.3890029541954743, 19.202559618303567, 27.336260074575208, 10.568691382665147, 5.067385859049102, 7.815651746537339, 7.331760655619349, 0.8564164137601633, 18.613544172810638, 0.5240293295002196, 0.48048577824641114, 7.483629811567884, 13.69876493374838, 1.9507962259156635, 0.4013641828921095, 1.043320688008988, 0.4067702647824678, 0.4383026727452144, 35.3052528040371, 12.197247946663738, 81.90868772961772, 0.606951272672168, 0.5654992789036832, 0.4384209927762779, 0.40949530734389583], "y": [1.9765120683180601, 15.22072396841434, 56.21149074587754, 49.85422511786889, 2.945983917889251, 15.254488798734991, 32.9544837018039, 10.35213745931646, 5.407195309954043, 9.581791123173835, 8.715838965706038, 0.872516902174926, 24.27718848520765, 0.5863450154244418, 0.5042675643118422, 3.1874418295614344, 26.80723233546724, 1.4614136546800403, 0.39036343887272906, 0.9881915641387273, 0.4572790641820532, 0.42413916294827914, 33.24402862938941, 30.981145754846672, 71.76841670121246, 0.634426390102913, 0.5592832710544506, 0.4444695400438441, 0.43976294726097365], "error_y": [2.3693473750478047, 14.575696057670479, 40.88352920092743, 38.53579043925271, 3.342833338448428, 12.982151124752164, 12.446072386704037, 8.560571773691112, 7.553866257762301, 8.639700544094502, 8.582839884527685, 0.8623886928737597, 12.51487425468805, 0.6637142324207739, 0.38589622885295344, 12.579776867369905, 26.626094305585376, 2.718489561515994, 0.43594968229548653, 1.0178015373233533, 0.7842133951010787, 0.3570998477406679, 15.420829023466652, 17.158215674621374, 40.09946417634068, 0.45692976987384115, 0.49538512819693953, 0.43564343600789446, 0.45843693651304657]}