{"trial": 29, "x": [55.041845749330484, 78.4546223767979, 2.7582408797141564, 20.69608202837636, 25.958763364161758, 13.175674148659908, 2.192616211042038, 5.136258864306655, 3.7629678973453284, 1.9952332890923312, 64.381898347721, 14.189210599976011, 15.802471562650565, 1.985616938692294, 0.5127721286082565, 0.6525264187320978, 0.42854979823023776, 5.896115611230093, 0.6757261714269394, 0.4637960507942278, 0.41462645624994643, 0.40630145843577736, 0.5467868607411877, 0.40696941327494685, 308.12909601160663, 0.4221735035570866, 0.4289127629991736, 0.4080748129761158, 0.3986794554750208], "y": [90.81548758965911, 47.73148783994479, 1.9947425484978538, 17.98807146666101, 15.665683721947076, 15.314801552269671, 1.3979938881143745, 4.18738554628904, 3.7826971531650173, 2.9548566262222877, 155.25698352054837, 12.274703711023818, 17.50551009944101, 2.220781405046143, 0.5262152041784915, 0.6379843682834583, 0.45274677398450436, 7.778190515750168, 0.7396903178844809, 0.42139792534922194, 0.44814876244772606, 0.40284329222484416, 0.48542233702501036, 0.385752885925271, 87.65278142990638, 0.44062522286954575, 0.4098008945517613, 0.4064100253745728, 0.43351137254926186], "error_y": [29.77693831995121, 57.311308286841374, 4.121908787458985, 12.687922395767394, 12.117931038742194, 5.335910024368313, 2.7354239352202883, 6.828632389067985, 1.9557184092929352, 3.6637662692108, 104.09425244085796, 11.063634052843096, 7.798835655164242, 1.965674387861204, 0.5697026658787636, 0.5928207697715259, 0.5954563988482925, 11.00658597539844, 0.7292581882396055, 0.5546753398061641, 0.582269310187134, 0.42181671475139576, 0.8289989891397681, 0.4635047861437605, 86.86849603878107, 0.5541731569319298, 0.44463778273929255, 0.44215420171950615, 0.5883654188758098]}