{"trial": 35, "x": [18.759037146623314, 5.1805512117900046, 78.30767416722374, 3.80132926634381, 15.240656415067026, 10.300120986942343, 22.39241817739498, 12.707706994583653, 0.4715870750413327, 4.70842078725474, 8.483773174074699, 5.205361615433589, 50.901756931480875, 2.342332652069035, 14.592255044828748, 10.960889035651505, 0.4170317001188515, 37.21966184762728, 47.01097544044708, 0.41786971377957904, 0.6257246280473456, 10.397024159082047, 0.5524421622255016, 0.48101329710380725, 0.47722133244903553, 4.391508343088157, 0.7206317361268226, 0.49652476603996476, 106.9547466164382, 0.42918742693251843, 0.4074071116233817, 0.4012704260806146, 0.43257525018188936, 0.4054889246015936, 0.40304335237378375], "y": [37.80382164536321, 5.878670619266872, 50.12788604140864, 4.566329062437825, 4.395399990329626, 9.089183470122613, 26.85229841725721, 14.02114821617345, 0.4775838686624496, 6.238995525884701, 9.443581378559529, 6.858022347167771, 34.26647571306751, 2.793194832823831, 14.572230441811566, 9.69112279287512, 0.39648100803905706, 10.169621494041463, 50.15567536248997, 0.45608906158384244, 0.5300459833839142, 8.895949547704502, 0.4167024375064141, 0.5886836046959605, 0.495330147795114, 19.433692322535386, 0.726258412269198, 0.42721247237146365, 51.564085803328744, 0.40915325927699264, 0.39982331321704656, 0.4064078320607969, 0.3970693070329645, 0.4510179693584657, 0.41700213522531016], "error_y": [20.344010981206686, 1.430027922779217, 27.254506010940457, 2.4121299081036613, 11.737647353200048, 4.461258625558337, 10.631464028458206, 5.109837592875056, 0.22297034315797262, 3.6848379638936986, 4.290579747847234, 6.22440491345599, 26.60977365759593, 1.695129410258623, 4.487984443856758, 2.4001630667979557, 0.22242065571429415, 27.142396081097907, 25.37662443412135, 0.22641506197075686, 0.33883285373420313, 5.307662065223825, 0.3501116209082609, 0.3093897864030464, 0.33796470275970597, 14.134472582704026, 0.4214621282259734, 0.2068796401033837, 33.41458907018539, 0.2182919525502341, 0.16862840334326462, 0.22592979134136404, 0.20649223266507138, 0.20537465574522223, 0.21464729939403482]}