{"trial": 32, "x": [2.4712416262952335, 20.626133045870986, 137.71521176148983, 91.34518500112819, 3.3890029541954743, 19.202559618303567, 27.336260074575208, 10.568691382665147, 5.067385859049102, 7.815651746537339, 7.331760655619349, 0.8564164137601633, 18.613544172810638, 0.5240293295002196, 0.48048577824641114, 7.483629811567884, 13.69876493374838, 1.9507962259156635, 0.4013641828921095, 1.043320688008988, 0.4067702647824678, 0.4383026727452144, 35.3052528040371, 12.197247946663738, 81.90868772961772, 0.606951272672168, 0.5654992789036832, 0.4384209927762779, 0.40949530734389583, 0.41866308067157476, 0.4033472464720962], "y": [1.988381494550623, 15.330210918304024, 56.192625693987864, 49.654688904286715, 2.966336936707048, 15.507017738081448, 32.89967642296533, 10.441125178893287, 5.341719625232519, 9.518482589868746, 8.693054923022794, 0.8817724952464658, 24.170544655806534, 0.5714984308419062, 0.49971577507766973, 3.2381409395845537, 26.71125550345445, 1.4990473637169917, 0.38890959767944366, 0.9862636584597642, 0.43858370854305306, 0.42441472893427346, 33.270019313102054, 30.95904095437663, 71.59977921560741, 0.6329791204939763, 0.5610305157435018, 0.4410431578369902, 0.43079768603324453, 0.4232730816294499, 0.3954778685614144], "error_y": [2.291738290239798, 14.133962764451244, 40.1403438536499, 37.90546672610472, 3.10894093763431, 12.372173813039305, 12.074983584832234, 8.04072168669329, 7.124291564523132, 8.311134537073134, 8.14836975380057, 0.7114644368863555, 12.204707379682478, 0.43172320571501216, 0.3046008951517448, 12.402375917003774, 26.196429970409923, 2.4411664323437816, 0.28157100168841726, 0.8668902954358347, 0.6621508359103038, 0.24096654522804253, 15.108764478533546, 16.90294444202561, 39.19433813224615, 0.37481718337712777, 0.3811240449057299, 0.27523931997876955, 0.3662583644996326, 0.3054112326796512, 0.2474510247380609]}