{"trial": 7, "x": [55.041845749330484, 78.4546223767979, 2.7582408797141564, 20.69608202837636, 25.958763364161758, 13.175674148659908, 2.192616211042038], "y": [43.69357913937812, 31.072890942648105, 3.9072578408249186, 17.95647891579987, 27.933118902640143, 21.078083998045596, 3.1870945959788877], "error_y": [35.48965080356493, 53.25047213851716, 12.826104952589876, 8.749323942506525, 12.11866461269501, 15.445174238748406, 12.830372518766751]}