{"trial": 38, "x": [18.759037146623314, 5.1805512117900046, 78.30767416722374, 3.80132926634381, 15.240656415067026, 10.300120986942343, 22.39241817739498, 12.707706994583653, 0.4715870750413327, 4.70842078725474, 8.483773174074699, 5.205361615433589, 50.901756931480875, 2.342332652069035, 14.592255044828748, 10.960889035651505, 0.4170317001188515, 37.21966184762728, 47.01097544044708, 0.41786971377957904, 0.6257246280473456, 10.397024159082047, 0.5524421622255016, 0.48101329710380725, 0.47722133244903553, 4.391508343088157, 0.7206317361268226, 0.49652476603996476, 106.9547466164382, 0.42918742693251843, 0.4074071116233817, 0.4012704260806146, 0.43257525018188936, 0.4054889246015936, 0.40304335237378375, 0.4202439741059081, 0.4054269047117387, 0.39899342020827966], "y": [37.615905389629006, 5.835882099023003, 49.65627684259752, 4.574406294644199, 4.434821597549778, 9.056597647730463, 26.833157738833123, 14.049454436389862, 0.4743172876272457, 6.207313836597058, 9.412599130423535, 6.807117488196268, 34.22984468274473, 2.776318910267193, 14.594857668816008, 9.72470447980208, 0.3972304409882277, 10.528102951696411, 49.85481715270578, 0.45462049711252206, 0.5367844321597595, 8.906201815725359, 0.4223868644007762, 0.5804380719375484, 0.48513199840363086, 19.550309390464136, 0.7259574932296147, 0.42860072494202583, 51.10091241700967, 0.4109980192766507, 0.39889136891049404, 0.40342787341818465, 0.39847390529912197, 0.4473845489486372, 0.4142202918426605, 0.4385570861173651, 0.40111106863914614, 0.4094531139961948], "error_y": [20.344602883813902, 1.4077063435099337, 27.22278108159977, 2.404317594047171, 11.789848379095519, 4.454291760338662, 10.634321629187006, 5.152269408547989, 0.21360553979225314, 3.612450903841338, 4.31359397815351, 6.20702345942791, 26.380771279076995, 1.6878954792443395, 4.472706509132062, 2.3959614125648065, 0.18686233720607373, 26.810207720755038, 25.315160196587243, 0.20799600837015472, 0.3232553801677588, 5.341342175336599, 0.3361641485921426, 0.2954976133539191, 0.28127023587191685, 14.120557550013084, 0.42295170380462827, 0.19808468125932144, 33.04731230912184, 0.18907451270273903, 0.15363993162738723, 0.18302352686522053, 0.19091855027746105, 0.18912453950503172, 0.17470009718497384, 0.21015098305296767, 0.17252888938561475, 0.1651970082510879]}