{"trial": 28, "x": [18.759037146623314, 5.1805512117900046, 78.30767416722374, 3.80132926634381, 15.240656415067026, 10.300120986942343, 22.39241817739498, 12.707706994583653, 0.4715870750413327, 4.70842078725474, 8.483773174074699, 5.205361615433589, 50.901756931480875, 2.342332652069035, 14.592255044828748, 10.960889035651505, 0.4170317001188515, 37.21966184762728, 47.01097544044708, 0.41786971377957904, 0.6257246280473456, 10.397024159082047, 0.5524421622255016, 0.48101329710380725, 0.47722133244903553, 4.391508343088157, 0.7206317361268226, 0.49652476603996476], "y": [22.608349437764517, 6.204211720054979, 43.731552583247876, 6.038369474499621, 8.714220825870203, 9.357015943770353, 14.104220474463366, 16.37083435344629, 0.3874897064120102, 7.261786673701613, 8.899706135899386, 6.825460984711445, 29.627702205426466, 2.6405262248952344, 14.526022513290854, 9.338962423194463, 0.37349262109869663, 14.290083097824798, 39.23583627135396, 0.5412229286713757, 0.4564737737101634, 8.408411703901567, 0.591750212440342, 0.5573718348280021, 0.5340833635387625, 19.627378816790454, 0.4935875089662396, 0.42506991914750536], "error_y": [20.44268571906993, 1.7004649588510075, 25.835653634281915, 3.31343001955307, 11.900954060611571, 5.986057798635026, 13.304918523600318, 6.435908786391309, 0.3840810554685569, 4.840129148818632, 4.819565545498427, 7.282050278154797, 25.606556210480072, 2.0504893119149243, 5.551650640159297, 2.7376111668288465, 0.529282697943402, 24.091842630404006, 23.839808745717768, 0.4361539301011709, 0.5878603608807839, 5.933666782270048, 0.5932580309636933, 0.5190801070578619, 0.7229620875137782, 13.637623156103924, 0.5821090569345845, 0.3684748665222236]}