{"trial": 23, "x": [18.759037146623314, 5.1805512117900046, 78.30767416722374, 3.80132926634381, 15.240656415067026, 10.300120986942343, 22.39241817739498, 12.707706994583653, 0.4715870750413327, 4.70842078725474, 8.483773174074699, 5.205361615433589, 50.901756931480875, 2.342332652069035, 14.592255044828748, 10.960889035651505, 0.4170317001188515, 37.21966184762728, 47.01097544044708, 0.41786971377957904, 0.6257246280473456, 10.397024159082047, 0.5524421622255016], "y": [20.031358026151114, 6.775148932806694, 50.880236890402074, 6.6126345040764924, 24.49185980204649, 8.693183359993359, 10.89466364540706, 16.43756363673502, 0.24430891748512806, 8.175111717073683, 8.412594257695885, 9.513137408334863, 31.32854535170263, 2.098397211899286, 14.227495547763855, 8.690149525571986, 0.4377592192675426, 25.826921746925308, 33.966679900082035, 0.4546769536549107, 0.4349087594660439, 8.667751340205598, 0.6040449793641347], "error_y": [20.08040717239561, 2.0248725430557473, 26.540836414479394, 6.401227431899746, 17.561891275407273, 7.1665306825521, 15.658178862365, 8.624301942259262, 1.0130747531231994, 6.507020841928119, 5.148350125973386, 9.459844004415546, 27.74633166751871, 2.357012250758603, 5.61553075202074, 3.41049076634775, 1.3507012504785114, 32.905862945890824, 23.468858005139996, 1.047708463730598, 1.0575340194430483, 6.098584923520828, 1.0755733810192172]}