{"trial": 28, "x": [2.4712416262952335, 20.626133045870986, 137.71521176148983, 91.34518500112819, 3.3890029541954743, 19.202559618303567, 27.336260074575208, 10.568691382665147, 5.067385859049102, 7.815651746537339, 7.331760655619349, 0.8564164137601633, 18.613544172810638, 0.5240293295002196, 0.48048577824641114, 7.483629811567884, 13.69876493374838, 1.9507962259156635, 0.4013641828921095, 1.043320688008988, 0.4067702647824678, 0.4383026727452144, 35.3052528040371, 12.197247946663738, 81.90868772961772, 0.606951272672168, 0.5654992789036832], "y": [1.9713997994748311, 15.008431657931563, 55.56621099904635, 49.53159795599063, 2.9474888305423192, 14.722337845079625, 33.0321308080769, 10.286030587011053, 5.572826862585483, 9.809927218130756, 8.880406860137562, 0.8547105079589272, 24.82436977416377, 0.6246188971611843, 0.5257746027882426, 3.1552153833086365, 26.734250183714344, 1.4197586370218858, 0.4012511477051035, 0.9984794973196642, 0.5385493010580547, 0.428613593231848, 33.06902067744157, 31.343159282972202, 71.65035879212667, 0.6468282445681517, 0.5572865822141644], "error_y": [2.589725973089264, 15.457792362001735, 42.24556263044033, 40.050637104590386, 3.7677705626852616, 14.138278228220331, 13.36622808472047, 9.506813750447801, 8.406199550385345, 9.585493300032514, 9.93235296971737, 1.120135310574606, 13.669293908476485, 1.079866300080574, 0.631076759978604, 13.109622180431053, 27.496364693128427, 3.313951476663505, 0.7015523782479193, 1.3066235772196335, 1.247636961890159, 0.5776976367111067, 16.29435981715994, 17.8750075559864, 41.739006943760266, 0.6724493424359265, 0.7138989046360475]}