{"trial": 49, "x": [18.759037146623314, 5.1805512117900046, 78.30767416722374, 3.80132926634381, 15.240656415067026, 10.300120986942343, 22.39241817739498, 12.707706994583653, 0.4715870750413327, 4.70842078725474, 8.483773174074699, 5.205361615433589, 50.901756931480875, 2.342332652069035, 14.592255044828748, 10.960889035651505, 0.4170317001188515, 37.21966184762728, 47.01097544044708, 0.41786971377957904, 0.6257246280473456, 10.397024159082047, 0.5524421622255016, 0.48101329710380725, 0.47722133244903553, 4.391508343088157, 0.7206317361268226, 0.49652476603996476, 106.9547466164382, 0.42918742693251843, 0.4074071116233817, 0.4012704260806146, 0.43257525018188936, 0.4054889246015936, 0.40304335237378375, 0.4202439741059081, 0.4054269047117387, 0.39899342020827966, 0.41681582796962857, 0.43443779957212136, 0.4212118310695079, 0.4045465348206747, 0.4118144564249242, 0.42251031103243797, 0.4265524159332994, 0.40146173656296646, 93.08880819775223, 0.43299890922012985, 0.4154790684073273], "y": [36.281473531925144, 5.988797893773275, 73.50716628466964, 4.547801643377528, 5.816088323528075, 9.715634569949394, 26.49166518251895, 13.303420615949571, 0.4751643639367824, 5.3455474257497455, 10.576661957266513, 5.970632159872802, 47.01228928417845, 3.0637049170405053, 13.816693548802217, 9.39399569956957, 0.37329674746284525, 10.891123265203156, 45.91594494518248, 0.4355445113166123, 0.5373084833011834, 9.17296660054442, 0.4342653808255168, 0.5505740256132459, 0.4629967546463689, 18.442612179340486, 0.7295592972874569, 0.43587427702653514, 53.93341524231308, 0.3999140948338944, 0.3954715299406928, 0.38726459477243047, 0.3953296268623845, 0.43288940333432535, 0.40586140706144214, 0.42700596400359103, 0.39003464461038106, 0.40037449884004594, 0.4180994031444687, 0.49656108306360736, 0.4427602932264971, 0.42938982153430416, 0.3934816856284371, 0.4256062800875373, 0.45372055970734415, 0.4117773707827297, 77.56806438754423, 0.40520965272774134, 0.3935492466136523], "error_y": [19.37358376693725, 1.2432602619769484, 19.131717969643354, 2.202421144087307, 10.954553966744918, 3.9465639387792506, 10.0982323161346, 4.596878684768016, 0.1861787097645231, 3.2109251343671446, 3.184109797730578, 5.494585893801443, 22.09633451870231, 1.3939672603709041, 4.033748536871856, 2.136504452175485, 0.16080910744969407, 26.459422350274533, 23.59559552761577, 0.1646796930452686, 0.2947349045488337, 4.930343883224103, 0.2989941525589078, 0.22998130684388585, 0.2308144953313918, 13.442262057820628, 0.37463457386403354, 0.17463341101700006, 32.53763431354051, 0.1673094639412701, 0.12365100563991764, 0.1501013449795603, 0.16365502352523426, 0.14449286991564445, 0.14255945102737846, 0.17029093643319423, 0.14658873499460132, 0.12921236947968345, 0.13562499347363494, 0.18681419392115103, 0.14658091262672887, 0.1465252223256049, 0.1422271211203738, 0.14673213031862878, 0.15952334368165025, 0.12959748586479097, 20.24839856135278, 0.13503370580957566, 0.16518018801413473]}