{"trial": 37, "x": [2.4712416262952335, 20.626133045870986, 137.71521176148983, 91.34518500112819, 3.3890029541954743, 19.202559618303567, 27.336260074575208, 10.568691382665147, 5.067385859049102, 7.815651746537339, 7.331760655619349, 0.8564164137601633, 18.613544172810638, 0.5240293295002196, 0.48048577824641114, 7.483629811567884, 13.69876493374838, 1.9507962259156635, 0.4013641828921095, 1.043320688008988, 0.4067702647824678, 0.4383026727452144, 35.3052528040371, 12.197247946663738, 81.90868772961772, 0.606951272672168, 0.5654992789036832, 0.4384209927762779, 0.40949530734389583, 0.41866308067157476, 0.4033472464720962, 0.43904908792790565, 0.4032793642515742, 0.41526823346525177, 0.40033830458486186, 0.42401055942521104], "y": [1.9968800707533223, 15.229397800240665, 54.98825523507044, 48.25161317080658, 3.0286685620005507, 15.784876646031288, 32.9705557776716, 10.695581836423791, 5.429945798378277, 9.582389440091225, 8.860755384246097, 0.8888610897178548, 24.53417803933228, 0.5739877474774282, 0.49394272987351684, 3.441753427893971, 26.066207972288034, 1.514520946288318, 0.3933949567472226, 0.9849562780905305, 0.41604356749179416, 0.4289295009158298, 32.959122447952815, 31.65413332936417, 70.65513439946106, 0.6298616560587504, 0.5657338599694253, 0.44474804178046234, 0.42104458574796233, 0.426709507983162, 0.3996242739870528, 0.4206797031750913, 0.417478644598658, 0.404758373461398, 0.4066695644000369, 0.4205095240217549], "error_y": [2.2859092932605414, 14.142192168474097, 39.38618929973073, 37.81233250849381, 2.7748173991880085, 11.91281673589721, 12.332655636000327, 7.1717057402458915, 7.20724040425444, 8.517269945889286, 8.199597387173101, 0.6704496649925655, 12.583347457103137, 0.390180716619314, 0.25159203568105165, 12.596775045711476, 25.86573089653251, 2.361755204705561, 0.21673062506430846, 0.8396214856632338, 0.4044694479958912, 0.19278440672989985, 15.43329855818477, 17.15823114960987, 38.08650893541471, 0.35250065565075334, 0.33024799698583585, 0.23232841448149041, 0.2522115917964003, 0.24798479840644072, 0.1931914656881283, 0.2720194749291074, 0.28933562980792543, 0.20105648963522973, 0.3113463141885051, 0.19275258948332738]}