{"trial": 33, "x": [55.041845749330484, 78.4546223767979, 2.7582408797141564, 20.69608202837636, 25.958763364161758, 13.175674148659908, 2.192616211042038, 5.136258864306655, 3.7629678973453284, 1.9952332890923312, 64.381898347721, 14.189210599976011, 15.802471562650565, 1.985616938692294, 0.5127721286082565, 0.6525264187320978, 0.42854979823023776, 5.896115611230093, 0.6757261714269394, 0.4637960507942278, 0.41462645624994643, 0.40630145843577736, 0.5467868607411877, 0.40696941327494685, 308.12909601160663, 0.4221735035570866, 0.4289127629991736, 0.4080748129761158, 0.3986794554750208, 0.43952544968514395, 0.398252129323895, 0.4415826631509727, 0.4086123891686988], "y": [91.24989403923429, 48.22513973883298, 2.0465816279715305, 18.23558632603984, 15.46659188305756, 15.284368116315948, 1.4057659340312334, 4.183971657115576, 3.7876469213086352, 2.963055128826383, 150.6128600010899, 12.316234259045551, 17.467799903396475, 2.1976792026688763, 0.5191573771088898, 0.6392906085102688, 0.4448789716369568, 7.813080111736879, 0.7280618812072994, 0.43402668765765995, 0.4396478382572866, 0.4043880527156709, 0.5154425698884602, 0.39442794718708996, 85.89927057594662, 0.432633748418251, 0.41458351751435174, 0.4089129423320763, 0.4247725759869745, 0.4261793556685838, 0.3905133447228515, 0.46076172917626224, 0.40255517933839613], "error_y": [30.340008774707893, 56.54510347598235, 3.9779410852084567, 12.893223058949957, 12.550241780183606, 5.5164628931764845, 2.744028873562296, 6.940326553907651, 1.8784757404625594, 3.6385369421466036, 99.52849676066128, 11.20103594647029, 7.8928803123611315, 1.8719441538842523, 0.48711865656454, 0.5466204911292024, 0.5180738749747323, 10.860150333578705, 0.6881712798538167, 0.4520971202161437, 0.4936326620365429, 0.345731629208843, 0.6854735960387317, 0.3606311137932359, 84.51094931645092, 0.47112892948047475, 0.3626345348661469, 0.3603900893825823, 0.5020034898813205, 0.42115194588786997, 0.33822562634746733, 0.4870107481509469, 0.3546936413026219]}