{"trial": 14, "x": [2.4712416262952335, 20.626133045870986, 137.71521176148983, 91.34518500112819, 3.3890029541954743, 19.202559618303567, 27.336260074575208, 10.568691382665147, 5.067385859049102, 7.815651746537339, 7.331760655619349, 0.8564164137601633, 18.613544172810638, 0.5240293295002196], "y": [2.435850218738153, 40.90889303499722, 59.228584617190755, 64.0463719786339, 5.129583643454897, 11.6506416095364, 32.038733951999504, 2.8772861258552602, 8.65643850291357, 10.1155675784881, 10.547778639164857, 0.681197378605642, 12.761856818915863, 0.6756876606676414], "error_y": [8.2893480750096, 29.00432742217678, 72.5100737360754, 34.106295189611096, 4.542006097807308, 11.152231977971843, 10.99001180793394, 14.74378682788122, 11.850902841911608, 12.26622994321465, 26.983314787558978, 3.2618299244195263, 16.196029318921017, 2.914943686436441]}