{"trial": 19, "x": [18.759037146623314, 5.1805512117900046, 78.30767416722374, 3.80132926634381, 15.240656415067026, 10.300120986942343, 22.39241817739498, 12.707706994583653, 0.4715870750413327, 4.70842078725474, 8.483773174074699, 5.205361615433589, 50.901756931480875, 2.342332652069035, 14.592255044828748, 10.960889035651505, 0.4170317001188515, 37.21966184762728, 47.01097544044708], "y": [19.910373006938336, 8.156894973747557, 48.78594266011127, 6.630055592371365, 24.745800294568475, 7.871653732074979, 9.551369502251687, 17.388617369373872, -0.11202537117890543, 8.872424098230141, 8.534140996297488, 11.41010302067889, 31.74443973267818, 1.3772533333486123, 12.269020404915011, 8.020446357968112, 0.6342734787422017, 25.145303365430784, 34.15141252012525], "error_y": [21.749216376643705, 4.403684516226338, 29.317882212268792, 7.885137711038593, 18.898472740969225, 8.505728189249782, 18.488569204094794, 10.68708401537881, 5.079126190074498, 9.674543356280621, 7.632497304381359, 12.851183975967208, 31.095693107872542, 4.131928653616393, 9.073211181854402, 5.4988011141078745, 2.974019118128696, 34.92109935757185, 25.477207376623245]}