{"trial": 23, "x": [55.041845749330484, 78.4546223767979, 2.7582408797141564, 20.69608202837636, 25.958763364161758, 13.175674148659908, 2.192616211042038, 5.136258864306655, 3.7629678973453284, 1.9952332890923312, 64.381898347721, 14.189210599976011, 15.802471562650565, 1.985616938692294, 0.5127721286082565, 0.6525264187320978, 0.42854979823023776, 5.896115611230093, 0.6757261714269394, 0.4637960507942278, 0.41462645624994643, 0.40630145843577736, 0.5467868607411877], "y": [44.672101260349535, 46.12191141169943, 2.190523339245514, 24.36108306218076, 29.60464187069372, 11.66095584573276, 1.514383764410443, 4.396231160838973, 3.7180062097105075, 2.362323772467356, 46.62833755207828, 14.041286752839556, 15.0156089788217, 1.6617644730619414, 0.5676251765972982, 0.4438523977369435, 0.5453309702795863, 7.345444460873814, 0.7869441649045452, 0.5062309719929257, 0.516279125136867, 0.4201994039593391, 0.8756693386022416], "error_y": [15.531592459660972, 30.16708386126742, 2.62208205515526, 7.307206818115832, 6.394134805954582, 3.1878496849511215, 1.464014678135527, 3.2070121858598473, 1.319393362157821, 2.0104849748510722, 42.36972851305467, 6.4095604692728925, 4.345650593944402, 1.3102025424948454, 0.5244188196528866, 0.47288512781407954, 0.5356953774715033, 6.575011075726922, 0.509436932471013, 0.47635836368672296, 0.5365126231765965, 0.36746776126289676, 0.6767177519015335]}