{"trial": 39, "x": [55.041845749330484, 78.4546223767979, 2.7582408797141564, 20.69608202837636, 25.958763364161758, 13.175674148659908, 2.192616211042038, 5.136258864306655, 3.7629678973453284, 1.9952332890923312, 64.381898347721, 14.189210599976011, 15.802471562650565, 1.985616938692294, 0.5127721286082565, 0.6525264187320978, 0.42854979823023776, 5.896115611230093, 0.6757261714269394, 0.4637960507942278, 0.41462645624994643, 0.40630145843577736, 0.5467868607411877, 0.40696941327494685, 308.12909601160663, 0.4221735035570866, 0.4289127629991736, 0.4080748129761158, 0.3986794554750208, 0.43952544968514395, 0.398252129323895, 0.4415826631509727, 0.4086123891686988, 0.4060055204062323, 1.4211534267245884, 0.40778139962967863, 0.43189891402667513, 0.3992247779216118, 0.40604067048206716], "y": [90.00302950092419, 54.756563086668365, 2.112856224287576, 18.550411948751318, 16.14644123215042, 15.06179189413, 1.4292838397556356, 4.2360502109750175, 3.790766719218242, 2.966351076204468, 147.63388263667173, 12.33684487415081, 17.341775027262646, 2.181533490253239, 0.5122776341561721, 0.6370745355189662, 0.43554885135131194, 7.642347164819681, 0.715133941500147, 0.4388379910692297, 0.4303408408066147, 0.40301007673739875, 0.5314494465280664, 0.3971514587907006, 85.44664585164645, 0.4243112189561522, 0.41476076448636867, 0.4082507161278528, 0.4148645406742766, 0.43188299744721803, 0.39099006522562973, 0.452398106457375, 0.4044567819150622, 0.43211532944153497, 1.440595118004449, 0.39490906641536583, 0.4382831673170795, 0.3947409164713438, 0.4122358071058976], "error_y": [29.724220483205393, 48.02401059546788, 3.7486342108149304, 12.603465016728942, 12.270272518665703, 5.32390930802538, 2.6679179024886714, 6.859130634903238, 1.6866231698143255, 3.5061452048636323, 93.03570639037717, 11.048548750955566, 7.6405585212504485, 1.7039705097336562, 0.3985408595738017, 0.5001735555048546, 0.4101294527696274, 10.316600302487021, 0.5403448020567948, 0.3436854706099312, 0.385676780406065, 0.28255735916843683, 0.3796155269642516, 0.27948948944387336, 80.22271616093145, 0.37084717529745603, 0.30542353027015035, 0.29538087732448803, 0.3907243021184893, 0.2978193703035404, 0.2752925928906258, 0.3852348491208049, 0.28294160374677624, 0.4080076780676237, 1.5369075969837975, 0.28446810502769476, 0.33549691148712696, 0.2783540339582707, 0.37536291499460406]}