{"trial": 21, "x": [2.4712416262952335, 20.626133045870986, 137.71521176148983, 91.34518500112819, 3.3890029541954743, 19.202559618303567, 27.336260074575208, 10.568691382665147, 5.067385859049102, 7.815651746537339, 7.331760655619349, 0.8564164137601633, 18.613544172810638, 0.5240293295002196, 0.48048577824641114, 7.483629811567884, 13.69876493374838, 1.9507962259156635, 0.4013641828921095, 1.043320688008988, 0.4067702647824678], "y": [2.705729953224104, 24.707751630795705, 43.18609611701752, 58.31748188597461, 4.648072994813509, 12.536278314296137, 27.38219097873284, 9.333151456390096, 7.704684625959471, 9.563292441598458, 10.377016021785774, 0.3821036378235654, 16.79628618330108, 0.6996921129013849, 0.5218062815112106, 5.01350026811596, 32.918349704066344, 0.8388980781414794, 0.2878190882541283, 1.1614805736081948, 0.44409767241604214], "error_y": [2.398294194395365, 18.879414728624443, 54.42265360099837, 38.37335915598608, 3.294973934739015, 11.315887569114057, 11.422095680706114, 11.237555085551584, 9.856358291342096, 10.927849040538687, 11.749144302841557, 1.9167543784134384, 14.621539792306583, 1.6601197713400055, 1.0638249377313265, 22.406255616026556, 27.810953642583243, 3.9785345959438683, 1.3784119446299947, 1.8464986388117743, 1.4017524368643346]}