{"trial": 41, "x": [55.041845749330484, 78.4546223767979, 2.7582408797141564, 20.69608202837636, 25.958763364161758, 13.175674148659908, 2.192616211042038, 5.136258864306655, 3.7629678973453284, 1.9952332890923312, 64.381898347721, 14.189210599976011, 15.802471562650565, 1.985616938692294, 0.5127721286082565, 0.6525264187320978, 0.42854979823023776, 5.896115611230093, 0.6757261714269394, 0.4637960507942278, 0.41462645624994643, 0.40630145843577736, 0.5467868607411877, 0.40696941327494685, 308.12909601160663, 0.4221735035570866, 0.4289127629991736, 0.4080748129761158, 0.3986794554750208, 0.43952544968514395, 0.398252129323895, 0.4415826631509727, 0.4086123891686988, 0.4060055204062323, 1.4211534267245884, 0.40778139962967863, 0.43189891402667513, 0.3992247779216118, 0.40604067048206716, 0.43077108188928825, 14.243185468129962], "y": [90.12909568645549, 57.08881906206339, 2.048416263148514, 17.61867294476057, 15.787730869024239, 15.254027754973679, 1.415862846480394, 4.537840578745275, 3.9639159970763007, 3.0254486042606903, 117.7020546064303, 11.32593006250902, 16.747049507820307, 2.2414462660831074, 0.5108522045400345, 0.5847682036703645, 0.43350917460122673, 7.55066482581627, 0.741788742023914, 0.4121091957055345, 0.4265963639638368, 0.40014901406105174, 0.5193531851361826, 0.39135729979385125, 89.52701886133784, 0.4235195268347596, 0.39531417271600233, 0.4147784871848863, 0.4114193845241054, 0.4297210949567152, 0.3862163769594389, 0.4491632807499091, 0.4068724258995218, 0.42689884038287396, 1.466576237860309, 0.3825991726604805, 0.4520372197712632, 0.39495534430752954, 0.41069786477500436, 0.44922218705741734, 28.832252911363756], "error_y": [28.398717093011083, 45.21894325937287, 3.571958155577115, 7.253697758483394, 11.178429395573326, 3.780284144282166, 2.5373181620183796, 6.338213192945167, 1.547513780317278, 3.2856438490059157, 79.48715247891444, 10.06617933819589, 7.139397226988843, 1.6223823954369674, 0.36415097051849493, 0.45948259099702865, 0.37744166492014714, 9.797772921491063, 0.5167189846503553, 0.325568217465156, 0.3499665579602319, 0.2748591709993962, 0.36853184088933916, 0.2716256272819279, 77.23340626851737, 0.3388256283908429, 0.2916058700081491, 0.28683416527269423, 0.35557031293215496, 0.28997153022014144, 0.2675947731619123, 0.34978117554712307, 0.27536515792756944, 0.37027604298577854, 1.4552090520931233, 0.27458100378092826, 0.3237583169773763, 0.27094642301059607, 0.34274446674698245, 0.36261549754803696, 38.01932530303102]}