{"trial": 9, "x": [2.4712416262952335, 20.626133045870986, 137.71521176148983, 91.34518500112819, 3.3890029541954743, 19.202559618303567, 27.336260074575208, 10.568691382665147, 5.067385859049102], "y": [30.26821806921935, 46.718382928175046, 60.26319945766376, 48.96376207761356, 18.134878747177403, 6.02851917621631, 35.52065353737609, -2.800081957655891, 16.07332301826463], "error_y": [50.594291115419445, 54.49206585290734, 88.58699381900966, 51.9037132376173, 31.811403812486933, 21.867446483466665, 20.99013183629445, 28.166629622298824, 25.072171478489814]}