{"trial": 44, "x": [2.4712416262952335, 20.626133045870986, 137.71521176148983, 91.34518500112819, 3.3890029541954743, 19.202559618303567, 27.336260074575208, 10.568691382665147, 5.067385859049102, 7.815651746537339, 7.331760655619349, 0.8564164137601633, 18.613544172810638, 0.5240293295002196, 0.48048577824641114, 7.483629811567884, 13.69876493374838, 1.9507962259156635, 0.4013641828921095, 1.043320688008988, 0.4067702647824678, 0.4383026727452144, 35.3052528040371, 12.197247946663738, 81.90868772961772, 0.606951272672168, 0.5654992789036832, 0.4384209927762779, 0.40949530734389583, 0.41866308067157476, 0.4033472464720962, 0.43904908792790565, 0.4032793642515742, 0.41526823346525177, 0.40033830458486186, 0.42401055942521104, 0.41561950958652893, 0.40288512576044333, 0.4187246313713029, 0.4024407364081579, 0.4010639623360248, 0.411816119011986, 308.12909601160663], "y": [2.3245941912063657, 26.927554061775915, 180.37720126697673, 59.38119114732009, 2.305020938810081, 13.48228534237012, 33.684478816027564, 5.4329714285361295, 4.5857894231904055, 9.989674731851826, 8.960873259106837, 0.7224754341013977, 25.351656145330256, 0.5228073798054744, 0.4874615789564487, 19.16037666090568, -7.728856192498917, 1.8793940781162632, 0.4444326456825074, 0.94874400521919, 0.4031149855250611, 0.4354067958590342, 22.335006478489937, 0.5764353738017398, 129.2054194365753, 0.6219542699464178, 0.5749326535221613, 0.43234266287106493, 0.41451409022924324, 0.4487080206949585, 0.4171545727766919, 0.5134400038929563, 0.40828106857075497, 0.4440492829561826, 0.3988231446914767, 0.41896244102795066, 0.42147476237603243, 0.42348419328687115, 0.4261393090048031, 0.4251419035130617, 0.4049539939192961, 0.41875940112875654, 183.77893636872594], "error_y": [2.4830948744167465, 14.920729669008686, 32.07186166304145, 50.0053357704019, 3.3232017302738304, 13.361060899218826, 13.56783910132553, 8.781728872012849, 8.500917348679222, 10.19940246510151, 10.160020201668686, 0.9616216590655149, 13.33916664017218, 0.5389535730948548, 0.38782551194850723, 13.090573643566184, 30.935196656315515, 3.1855720787507775, 0.31802414313933536, 1.2289619927621, 0.5126849449423506, 0.30457910668926413, 16.486844021178445, 17.11563370720029, 48.519498863850714, 0.5413511931985284, 0.523617685520112, 0.34290030196596194, 0.3478631736891774, 0.37735600600185937, 0.29684447204114295, 0.35665749674446035, 0.3827672901650807, 0.3052744711052246, 0.4128396395541987, 0.29332112176712327, 0.433405835495783, 0.2911192092879851, 0.3476530020193159, 0.32199019023369957, 0.3691966713233509, 0.28630485240925707, 48.74583673258085]}