{"trial": 36, "x": [55.041845749330484, 78.4546223767979, 2.7582408797141564, 20.69608202837636, 25.958763364161758, 13.175674148659908, 2.192616211042038, 5.136258864306655, 3.7629678973453284, 1.9952332890923312, 64.381898347721, 14.189210599976011, 15.802471562650565, 1.985616938692294, 0.5127721286082565, 0.6525264187320978, 0.42854979823023776, 5.896115611230093, 0.6757261714269394, 0.4637960507942278, 0.41462645624994643, 0.40630145843577736, 0.5467868607411877, 0.40696941327494685, 308.12909601160663, 0.4221735035570866, 0.4289127629991736, 0.4080748129761158, 0.3986794554750208, 0.43952544968514395, 0.398252129323895, 0.4415826631509727, 0.4086123891686988, 0.4060055204062323, 1.4211534267245884, 0.40778139962967863], "y": [89.89688950249814, 54.92848843607185, 2.0784314538064326, 18.362420238241498, 16.18216801205103, 15.109448602360864, 1.413394937452324, 4.211211599660558, 3.7910462082836176, 2.9706060760472166, 150.438818314834, 12.30832324375261, 17.432264084281154, 2.1813131615169734, 0.5142771010046623, 0.6381849837236295, 0.43805159837491914, 7.639993391005477, 0.719738841586544, 0.43858477884586833, 0.4329833953238875, 0.40422009752904486, 0.5291969194483919, 0.3971679040633198, 86.45581781730229, 0.42687173841549253, 0.4154485205640306, 0.40930945839467725, 0.4176897265533164, 0.43111836453643093, 0.39163285100481104, 0.45476383862215286, 0.40470106363291336, 0.4351422574222319, 1.4170957801689141, 0.3952177038524063], "error_y": [29.481611063042198, 48.48936162109168, 3.8020669652517856, 12.549923441747831, 12.050550923553486, 5.243840985484537, 2.6750899429120674, 6.777645255048803, 1.7904209196296184, 3.520478270340303, 95.84682759884974, 10.98193274450801, 7.739974496534534, 1.7428530216480973, 0.4363635283234657, 0.5141962613707205, 0.4535826699103346, 10.393152864973045, 0.5865532199602361, 0.363963050738194, 0.4299670046270027, 0.3186052806989127, 0.4016002886073999, 0.31039041593307437, 81.82456209459407, 0.41357744984860584, 0.3308543702819631, 0.3355306982524451, 0.4358705016056791, 0.32728719058308425, 0.3089162151775166, 0.42764162085592505, 0.3186861239897006, 0.4533777909612354, 1.5551419737737233, 0.31286602076502806]}