{"trial": 28, "x": [55.041845749330484, 78.4546223767979, 2.7582408797141564, 20.69608202837636, 25.958763364161758, 13.175674148659908, 2.192616211042038, 5.136258864306655, 3.7629678973453284, 1.9952332890923312, 64.381898347721, 14.189210599976011, 15.802471562650565, 1.985616938692294, 0.5127721286082565, 0.6525264187320978, 0.42854979823023776, 5.896115611230093, 0.6757261714269394, 0.4637960507942278, 0.41462645624994643, 0.40630145843577736, 0.5467868607411877, 0.40696941327494685, 308.12909601160663, 0.4221735035570866, 0.4289127629991736, 0.4080748129761158], "y": [90.64839134741891, 47.68673121648233, 1.972391703253681, 17.925761980062617, 15.734198957191895, 15.319414091999114, 1.3988716658027514, 4.2040223817346245, 3.786260794612147, 2.9485200767951874, 156.52295103755483, 12.254783762897139, 17.495307797523928, 2.2260592713355685, 0.5362992280014112, 0.6381905861009081, 0.4653510164007635, 7.8114922221641745, 0.7428611402984089, 0.41949166777434854, 0.46125169273054567, 0.40309519472015864, 0.4804061642099029, 0.3845449114726307, 88.1529310198828, 0.45191080505495407, 0.40936743039772594, 0.40648946028527533], "error_y": [29.61319958119544, 57.43834190753382, 4.152333929482566, 12.630265638427385, 12.00027637873959, 5.286482657221721, 2.740761123661914, 6.834419174852748, 1.9530304169790276, 3.676378229290189, 105.32379096590061, 10.998082796369568, 7.7725126065347245, 1.9845835683121225, 0.6525080747553519, 0.5970665123384286, 0.6975672525075922, 11.072306541872626, 0.7359663431373509, 0.56204110939703, 0.6848390238014268, 0.4276673509827325, 0.8356292431071211, 0.47035059025038906, 87.47869999200475, 0.6479130489361685, 0.4508614227823422, 0.4481028189663467]}