{"trial": 8, "x": [55.041845749330484, 78.4546223767979, 2.7582408797141564, 20.69608202837636, 25.958763364161758, 13.175674148659908, 2.192616211042038, 5.136258864306655], "y": [42.73753646235778, 27.419149169518, 0.6639803446740089, 17.882781887764367, 28.073748910233903, 21.135991865547485, 5.262206699172275, 15.077552605803179], "error_y": [34.622702492483356, 50.98285320748053, 7.706482159322463, 8.344014850670343, 11.639904628590017, 14.95146688759934, 9.791823630353013, 24.80027789646346]}