{"trial": 12, "x": [55.041845749330484, 78.4546223767979, 2.7582408797141564, 20.69608202837636, 25.958763364161758, 13.175674148659908, 2.192616211042038, 5.136258864306655, 3.7629678973453284, 1.9952332890923312, 64.381898347721, 14.189210599976011], "y": [47.247939752474466, 28.704917183153697, 5.620943757671679, 26.44114868732119, 27.105553099387176, 12.214288890069609, 4.603813814001811, 1.470558777126623, 10.709957189992133, 0.6671129138928009, 42.35898491992518, 9.328409608726497], "error_y": [19.304556787507344, 43.526590878445944, 7.520801949398779, 14.590436730496105, 10.295477012590943, 8.073449024766221, 7.105630528872966, 13.729452278822817, 14.54528299078957, 4.094211785902735, 50.337341231878696, 17.795664152182447]}