{"trial": 8, "x": [18.759037146623314, 5.1805512117900046, 78.30767416722374, 3.80132926634381, 15.240656415067026, 10.300120986942343, 22.39241817739498, 12.707706994583653, 0.4715870750413327], "y": [20.36446874905993, 30.11530717461416, 30.982541540209077, 4.737762725891136, 21.504462841291662, 4.5739258473834425, 9.678656557645875, 13.66823519825881, 5.036819573366953], "error_y": [31.787887342951965, 45.22518768723816, 42.20954664179199, 13.517902122587444, 31.672096422511935, 19.27954896750309, 26.322909150679354, 20.087131667265922, 11.315105905703083]}