{"trial": 7, "x": [2.4712416262952335, 20.626133045870986, 137.71521176148983, 91.34518500112819, 3.3890029541954743, 19.202559618303567, 27.336260074575208, 10.568691382665147], "y": [33.289178949803755, 39.24616358207858, 62.085422025393726, 53.931684070190286, 17.289905447902402, 6.582712190571655, 26.880712655147796, 5.66933450075684], "error_y": [48.07500239688061, 65.7085031165098, 89.17735925457154, 62.69443505914613, 30.157886617231366, 35.35228883322288, 27.24525074985964, 42.84459094368836]}