{"trial": 29, "x": [2.4712416262952335, 20.626133045870986, 137.71521176148983, 91.34518500112819, 3.3890029541954743, 19.202559618303567, 27.336260074575208, 10.568691382665147, 5.067385859049102, 7.815651746537339, 7.331760655619349, 0.8564164137601633, 18.613544172810638, 0.5240293295002196, 0.48048577824641114, 7.483629811567884, 13.69876493374838, 1.9507962259156635, 0.4013641828921095, 1.043320688008988, 0.4067702647824678, 0.4383026727452144, 35.3052528040371, 12.197247946663738, 81.90868772961772, 0.606951272672168, 0.5654992789036832, 0.4384209927762779], "y": [1.9740681641800748, 15.14341676252755, 55.95977546674219, 49.740668654993215, 2.951716608282508, 14.97482548634291, 33.00006504226557, 10.331248708886918, 5.47114016244884, 9.690131026495104, 8.775251066612642, 0.8638347145523859, 24.443117433813402, 0.594103562499253, 0.5192769723485853, 3.1724859000381294, 26.807299671493876, 1.4384075895955597, 0.3932710211049688, 0.9947579914136924, 0.5221701805917007, 0.4248651661697984, 33.16804524092566, 31.11902495122247, 71.68012450171909, 0.6437979782548275, 0.5574152384162581, 0.44867887133477424], "error_y": [2.475953895223916, 14.99467505935761, 41.51609287711438, 39.22996854283811, 3.5232045193907227, 13.548179892464734, 12.892942940227417, 8.992417310623832, 7.907804489886455, 9.056660572698817, 9.268083475053738, 0.9866937502528871, 12.951267606358348, 0.7709432781338296, 0.5300912866325329, 12.811970261307364, 27.028944751165145, 3.0282103930645667, 0.5155176134737873, 1.1592428867927784, 1.1452107480756972, 0.4313969869377749, 15.793798830033309, 17.481792102084487, 40.86770196557656, 0.5719233743289965, 0.5884218445354582, 0.5197032281457342]}