{"trial": 9, "x": [55.041845749330484, 78.4546223767979, 2.7582408797141564, 20.69608202837636, 25.958763364161758, 13.175674148659908, 2.192616211042038, 5.136258864306655, 3.7629678973453284], "y": [43.708850042922364, 29.564591955682243, 12.162576848105038, 25.448375132093574, 28.506113999492523, 12.843677589929971, 6.386523799456384, 0.4742700526468866, 13.547681021540779], "error_y": [19.578697013691286, 46.00373130479811, 25.813840812732078, 18.862161599466344, 11.021977206103845, 11.167422791637517, 17.11189026759204, 16.27869961968647, 28.79397226499074]}