{"trial": 14, "x": [18.759037146623314, 5.1805512117900046, 78.30767416722374, 3.80132926634381, 15.240656415067026, 10.300120986942343, 22.39241817739498, 12.707706994583653, 0.4715870750413327, 4.70842078725474, 8.483773174074699, 5.205361615433589, 50.901756931480875, 2.342332652069035, 14.592255044828748], "y": [22.11061843957841, 10.569630079718205, 35.47086372421408, 5.71135347506269, 19.8904473629054, 6.334862544048464, 8.18822759436535, 16.479561873336326, 1.1686427580697352, 9.70614643478888, 9.303526129219303, 11.087863761880161, 27.775762715261777, -1.2236060413934524, 14.294547687941243], "error_y": [25.512037541614404, 12.944326251363105, 32.633786432715844, 8.612698042540652, 25.169079062464736, 8.810922354581828, 19.01445327181478, 11.364370071524439, 5.476933180767365, 10.418793665183319, 9.802765096602176, 13.662875637697297, 32.66801788898956, 8.549971314926575, 10.233226197654313]}