{"trial": 6, "x": [2.4712416262952335, 20.626133045870986, 137.71521176148983, 91.34518500112819, 3.3890029541954743, 19.202559618303567, 27.336260074575208], "y": [33.06464684422188, 39.075501863026744, 58.72434739407818, 53.73425824351969, 28.777003103494884, 7.453390144856712, 29.167703258042877], "error_y": [55.07400633952197, 73.46267984856676, 95.88704808143517, 66.51884180270045, 50.800226280237766, 38.13354653995551, 30.918251379863772]}