{"trial": 10, "x": [18.759037146623314, 5.1805512117900046, 78.30767416722374, 3.80132926634381, 15.240656415067026, 10.300120986942343, 22.39241817739498, 12.707706994583653, 0.4715870750413327, 4.70842078725474, 8.483773174074699], "y": [20.011194490853214, 15.310168814702383, 29.46381959973683, 4.834741921865158, 20.79663185267984, 4.3984436741298865, 9.056560165565447, 13.54496897535071, 4.870158432006123, 8.547792151460769, 10.513696201600627], "error_y": [28.84713115800682, 35.25027366449254, 38.216215936283646, 12.126620053072251, 28.698663001235637, 16.97989858530385, 23.723855208497458, 17.577697309751745, 9.984234188451651, 23.666998719254963, 21.42733753882476]}