{"trial": 45, "x": [18.759037146623314, 5.1805512117900046, 78.30767416722374, 3.80132926634381, 15.240656415067026, 10.300120986942343, 22.39241817739498, 12.707706994583653, 0.4715870750413327, 4.70842078725474, 8.483773174074699, 5.205361615433589, 50.901756931480875, 2.342332652069035, 14.592255044828748, 10.960889035651505, 0.4170317001188515, 37.21966184762728, 47.01097544044708, 0.41786971377957904, 0.6257246280473456, 10.397024159082047, 0.5524421622255016, 0.48101329710380725, 0.47722133244903553, 4.391508343088157, 0.7206317361268226, 0.49652476603996476, 106.9547466164382, 0.42918742693251843, 0.4074071116233817, 0.4012704260806146, 0.43257525018188936, 0.4054889246015936, 0.40304335237378375, 0.4202439741059081, 0.4054269047117387, 0.39899342020827966, 0.41681582796962857, 0.43443779957212136, 0.4212118310695079, 0.4045465348206747, 0.4118144564249242, 0.42251031103243797, 0.4265524159332994], "y": [37.107083604434564, 5.761715097155269, 48.57551891432296, 4.639347603234702, 4.505860756471717, 8.861929972209552, 26.85694625029613, 14.200691596343198, 0.4640651673714107, 6.177157625265212, 9.313538708634598, 6.278842570218347, 34.22672783370817, 2.655159166356663, 14.743247975434562, 9.789188404437345, 0.39697066084369936, 11.307270922950382, 48.98258692716607, 0.44148698312164214, 0.544988635747341, 8.987590977191003, 0.4364798826354299, 0.5414360429922045, 0.4675735249559878, 19.8164535343461, 0.7357977968673897, 0.4344610895227401, 50.102196449674445, 0.41288583905078013, 0.3930109644915465, 0.39759069019418014, 0.398492469903843, 0.42953944025113877, 0.40906924223438423, 0.42760183906901794, 0.3997981894619791, 0.40011890320409016, 0.4114712884249325, 0.49887735344987405, 0.4388384594752317, 0.43064492983241287, 0.395464289267057, 0.4272335314655198, 0.44749324837902194], "error_y": [20.2569730675672, 1.3794799785989194, 26.957845827794294, 2.370576525441113, 11.869927303060072, 4.331178581386794, 10.622204537109038, 5.19679644565102, 0.18827707535367708, 3.5153505563833334, 4.302285624216481, 5.811780419048129, 25.805354950058906, 1.5789835521761828, 4.508379430552487, 2.402577255830161, 0.15847953849257107, 26.074417063736934, 25.060275833738565, 0.1615717642753875, 0.31174494551725895, 5.391137273570065, 0.3085308452508591, 0.23835719465201077, 0.24341385625430034, 14.047133213067514, 0.40861497520856044, 0.1809510373416561, 32.15110042656266, 0.16157333989583736, 0.12077670985765118, 0.14627964599260268, 0.1607397234127719, 0.14258529101893302, 0.13648022778015687, 0.17045779560410693, 0.13919389267956103, 0.12474436217576056, 0.13414655956983712, 0.19036522394153096, 0.14246388691670892, 0.1436737336533578, 0.1378959458465077, 0.1391601738792062, 0.15878023867570276]}