{"trial": 34, "x": [2.4712416262952335, 20.626133045870986, 137.71521176148983, 91.34518500112819, 3.3890029541954743, 19.202559618303567, 27.336260074575208, 10.568691382665147, 5.067385859049102, 7.815651746537339, 7.331760655619349, 0.8564164137601633, 18.613544172810638, 0.5240293295002196, 0.48048577824641114, 7.483629811567884, 13.69876493374838, 1.9507962259156635, 0.4013641828921095, 1.043320688008988, 0.4067702647824678, 0.4383026727452144, 35.3052528040371, 12.197247946663738, 81.90868772961772, 0.606951272672168, 0.5654992789036832, 0.4384209927762779, 0.40949530734389583, 0.41866308067157476, 0.4033472464720962, 0.43904908792790565, 0.4032793642515742], "y": [1.9963048320269934, 15.346425416016682, 55.75308869577363, 49.099317684685055, 3.000353523137015, 15.748744911641861, 32.91889449975056, 10.589561784390687, 5.392927170165702, 9.535512289394426, 8.762330377032162, 0.8846271607978125, 24.34154334136049, 0.5732929180409396, 0.4956365587160203, 3.3182839183650117, 26.410113375731477, 1.5046376440295752, 0.39224569277108223, 0.9854850101750099, 0.4212320155545104, 0.4269767658103145, 33.17152853409417, 31.19591940820724, 71.32900584946788, 0.6309288742815404, 0.5638687364760457, 0.44313952268355017, 0.4237184101595499, 0.4257903305489581, 0.3980979382199692, 0.4198723016162873, 0.42107906525311734], "error_y": [2.2594883562227897, 13.948648771631099, 39.76691688743506, 37.80178695781405, 2.846828066439571, 11.888000387659885, 12.10720257883523, 7.295626831528664, 7.098816266552248, 8.364841878844159, 8.118527608418407, 0.7010928773575479, 12.311011077947624, 0.4176589690029843, 0.27297858439588657, 12.442570842472549, 26.002856035203788, 2.4110028677502013, 0.2457198717120089, 0.8555246226819058, 0.5017058649021984, 0.22072723075623996, 15.172750426979901, 16.93586028821025, 38.50530991663363, 0.3624064581870131, 0.35912832195381716, 0.25906280580246926, 0.2992676867420987, 0.2771104985554184, 0.2225587743991718, 0.29802850048559115, 0.3494647212898754]}