{"trial": 27, "x": [55.041845749330484, 78.4546223767979, 2.7582408797141564, 20.69608202837636, 25.958763364161758, 13.175674148659908, 2.192616211042038, 5.136258864306655, 3.7629678973453284, 1.9952332890923312, 64.381898347721, 14.189210599976011, 15.802471562650565, 1.985616938692294, 0.5127721286082565, 0.6525264187320978, 0.42854979823023776, 5.896115611230093, 0.6757261714269394, 0.4637960507942278, 0.41462645624994643, 0.40630145843577736, 0.5467868607411877, 0.40696941327494685, 308.12909601160663, 0.4221735035570866, 0.4289127629991736], "y": [90.49566090017807, 47.64144635132237, 1.9637344935690777, 17.855611281330773, 15.796959711739246, 15.334344566035085, 1.3986340280907186, 4.2136291113319615, 3.7884730599182426, 2.9438357624412284, 157.81226058369467, 12.23135606510592, 17.527347783667025, 2.2319783397699027, 0.5373528284822804, 0.638198829073712, 0.4665982564895579, 7.790664629824798, 0.7478549717947871, 0.4166813901394981, 0.4624619022024703, 0.4032169500027436, 0.47351291959423136, 0.3826815627576501, 88.66213691262212, 0.45323201841809535, 0.40851410206094485], "error_y": [29.45662638669061, 57.56515034337413, 4.172492126246123, 12.60544455033047, 11.887237915242373, 5.253631686128997, 2.7395046291316474, 6.783556509383544, 2.0644634243493694, 3.677563041949253, 106.60301286909115, 10.990624013935639, 7.81363821863518, 2.0088473610381974, 0.6617970844977881, 0.6153183509634319, 0.7073298561247862, 11.076001498286054, 0.7732578535974607, 0.5911783516179696, 0.6949204421749137, 0.4672264310937425, 0.8660212681025008, 0.5085792944081766, 88.11107431478361, 0.6576276904370435, 0.48348973539692497]}