{"trial": 14, "x": [55.041845749330484, 78.4546223767979, 2.7582408797141564, 20.69608202837636, 25.958763364161758, 13.175674148659908, 2.192616211042038, 5.136258864306655, 3.7629678973453284, 1.9952332890923312, 64.381898347721, 14.189210599976011, 15.802471562650565, 1.985616938692294], "y": [49.24545025566179, 41.4120995202304, 4.0139393160218475, 25.41905347038328, 26.48783058692934, 12.115978768201133, 2.293505292683264, 7.993322551018583, 6.274864993166885, 1.6278517015658132, 44.04355051207051, 5.384388564167111, 12.227426964350947, 0.5040856369294744], "error_y": [19.272860210763167, 38.62439936866696, 6.885474625626461, 13.657947252858072, 9.27976965840783, 7.935357128687297, 6.310801223308978, 11.732165269377592, 3.704216499783088, 3.7492066240141195, 48.682015640298815, 15.558781446326435, 8.287139851638889, 7.534412726168586]}