{"trial": 40, "x": [18.759037146623314, 5.1805512117900046, 78.30767416722374, 3.80132926634381, 15.240656415067026, 10.300120986942343, 22.39241817739498, 12.707706994583653, 0.4715870750413327, 4.70842078725474, 8.483773174074699, 5.205361615433589, 50.901756931480875, 2.342332652069035, 14.592255044828748, 10.960889035651505, 0.4170317001188515, 37.21966184762728, 47.01097544044708, 0.41786971377957904, 0.6257246280473456, 10.397024159082047, 0.5524421622255016, 0.48101329710380725, 0.47722133244903553, 4.391508343088157, 0.7206317361268226, 0.49652476603996476, 106.9547466164382, 0.42918742693251843, 0.4074071116233817, 0.4012704260806146, 0.43257525018188936, 0.4054889246015936, 0.40304335237378375, 0.4202439741059081, 0.4054269047117387, 0.39899342020827966, 0.41681582796962857, 0.43443779957212136], "y": [37.45958328063625, 5.829181266950263, 49.29384610589837, 4.617531243298883, 4.422220841064269, 8.94515483516323, 26.85763945607364, 14.146584718228006, 0.4671783992915781, 6.196136596939154, 9.349084782149728, 6.390415832558142, 34.269674356203836, 2.7583225269450207, 14.681493943041668, 9.739505598742767, 0.3985504598292078, 10.730573611509993, 49.48684734319022, 0.4423856455496509, 0.5408816858884418, 8.9223098553724, 0.42332159880668563, 0.5518276306209486, 0.4808233362720422, 19.643432729719372, 0.7318061786542138, 0.42995013724819486, 50.80693326758167, 0.4134057958129418, 0.39288234604035566, 0.40327884456508656, 0.39472355079684185, 0.43342153099480996, 0.4147302106986661, 0.4371370987548513, 0.4025912764469961, 0.4007261063211729, 0.4134792057165857, 0.5054241012591962], "error_y": [20.315580437387265, 1.413647158096766, 27.107742082514072, 2.3636480514608453, 11.804417203220504, 4.321109579970376, 10.624866132074093, 5.126197195890847, 0.19590963062710298, 3.609440952389815, 4.330957168468543, 5.883026104514956, 26.24884969547573, 1.6887243227379878, 4.478824095280083, 2.4039817942599373, 0.18374412416472335, 26.599775224630793, 25.237275447860313, 0.18498163066600568, 0.32287156165686975, 5.372053815992615, 0.33368433167649086, 0.25242395886702007, 0.27865794205636085, 14.083790728579167, 0.4087822884091516, 0.19193085043764593, 32.77783426977572, 0.1862197229592464, 0.1369520947959428, 0.17978366773681467, 0.18099652336804484, 0.16016873721714822, 0.17170810525506663, 0.20729208979666433, 0.16942678788227905, 0.1445919604912768, 0.14662486590257529, 0.20972335316360322]}