{"trial": 11, "x": [55.041845749330484, 78.4546223767979, 2.7582408797141564, 20.69608202837636, 25.958763364161758, 13.175674148659908, 2.192616211042038, 5.136258864306655, 3.7629678973453284, 1.9952332890923312, 64.381898347721], "y": [47.74708139931421, 28.068698927217877, 5.606902540546088, 24.338488817062398, 26.08440252964791, 13.958409404343328, 4.1172114500452395, 0.863644488481345, 16.482512491283195, 0.8542850201815426, 43.023939277703775], "error_y": [21.105802647666625, 45.78344622945081, 7.911041973729424, 16.57339502194223, 11.325063669977519, 9.499234974662434, 7.414652283109406, 15.878525256232315, 30.88457708736191, 4.242817615943082, 52.98184285859726]}