{"trial": 46, "x": [18.759037146623314, 5.1805512117900046, 78.30767416722374, 3.80132926634381, 15.240656415067026, 10.300120986942343, 22.39241817739498, 12.707706994583653, 0.4715870750413327, 4.70842078725474, 8.483773174074699, 5.205361615433589, 50.901756931480875, 2.342332652069035, 14.592255044828748, 10.960889035651505, 0.4170317001188515, 37.21966184762728, 47.01097544044708, 0.41786971377957904, 0.6257246280473456, 10.397024159082047, 0.5524421622255016, 0.48101329710380725, 0.47722133244903553, 4.391508343088157, 0.7206317361268226, 0.49652476603996476, 106.9547466164382, 0.42918742693251843, 0.4074071116233817, 0.4012704260806146, 0.43257525018188936, 0.4054889246015936, 0.40304335237378375, 0.4202439741059081, 0.4054269047117387, 0.39899342020827966, 0.41681582796962857, 0.43443779957212136, 0.4212118310695079, 0.4045465348206747, 0.4118144564249242, 0.42251031103243797, 0.4265524159332994, 0.40146173656296646], "y": [37.03283831638139, 5.760657449715985, 48.440117606660806, 4.6421461608199905, 4.528436653744339, 8.84873846799725, 26.857475464457547, 14.210885225822114, 0.46316460451843255, 6.180194302638582, 9.302899025725983, 6.272907629437397, 34.2061688617984, 2.649754628743737, 14.757786411093562, 9.789878477561901, 0.3974651125221751, 11.421062633386716, 48.8883732023866, 0.4411301276275381, 0.5457878552161546, 8.985242403623088, 0.43768444183678845, 0.538622922313774, 0.4666323203905822, 19.849205746728387, 0.7357729012444683, 0.4349469410017264, 49.955787002445135, 0.4135102851791501, 0.39279384391936745, 0.39761638488700335, 0.3988790795929482, 0.42849014386698414, 0.4091493061369782, 0.4272276198832472, 0.40017611708098144, 0.39976788099281, 0.4108296258251478, 0.4971915887224281, 0.4388364747783946, 0.4298998103535432, 0.39553712813519226, 0.4275536288639046, 0.4472363962849002, 0.40689168986005164], "error_y": [20.250154294537, 1.38240976081271, 26.93756103615849, 2.3724374301295583, 11.884197234828802, 4.337597972606003, 10.625784363015818, 5.220073542519698, 0.18288225062282398, 3.5207643289082653, 4.315213226529656, 5.809630590603003, 25.770727826988658, 1.5785560421299567, 4.520109124332942, 2.407861874328113, 0.1574880420201412, 25.976498044755157, 25.03019515553736, 0.1571010441605329, 0.31209017924594856, 5.407556269877185, 0.3071317268986955, 0.23037098533203396, 0.2425196170778033, 14.042537666430016, 0.4059616038920065, 0.17881276283556718, 32.03526207511041, 0.16061416610511198, 0.1157426425952602, 0.14509937192649527, 0.15765921658460205, 0.13605876549059823, 0.1353705963129262, 0.16939860589048142, 0.13808239093111768, 0.11941262282438099, 0.12830523502537444, 0.18400702656588094, 0.14155096284627333, 0.13799890665147743, 0.13387935506508797, 0.13812332062252689, 0.1579238330748533, 0.12030811536170725]}