{"trial": 13, "x": [2.4712416262952335, 20.626133045870986, 137.71521176148983, 91.34518500112819, 3.3890029541954743, 19.202559618303567, 27.336260074575208, 10.568691382665147, 5.067385859049102, 7.815651746537339, 7.331760655619349, 0.8564164137601633, 18.613544172810638], "y": [2.8990626091956493, 40.27504672056136, 59.870120306940294, 63.74211597407631, 6.038063426536393, 11.375668529413321, 32.01526283710962, 1.6975429441733745, 12.352337069486722, 9.844303308795396, 10.167591520603704, 0.9567172491665659, 12.315203019924672], "error_y": [8.813638876202198, 29.36923243850865, 73.83620730520661, 35.72581759253977, 6.180135094445775, 11.689581129185772, 11.73544765041578, 15.772717142341472, 17.071604516646474, 13.297645771611919, 28.35447429040894, 4.646414171376096, 17.148490915961855]}