{"trial": 48, "x": [18.759037146623314, 5.1805512117900046, 78.30767416722374, 3.80132926634381, 15.240656415067026, 10.300120986942343, 22.39241817739498, 12.707706994583653, 0.4715870750413327, 4.70842078725474, 8.483773174074699, 5.205361615433589, 50.901756931480875, 2.342332652069035, 14.592255044828748, 10.960889035651505, 0.4170317001188515, 37.21966184762728, 47.01097544044708, 0.41786971377957904, 0.6257246280473456, 10.397024159082047, 0.5524421622255016, 0.48101329710380725, 0.47722133244903553, 4.391508343088157, 0.7206317361268226, 0.49652476603996476, 106.9547466164382, 0.42918742693251843, 0.4074071116233817, 0.4012704260806146, 0.43257525018188936, 0.4054889246015936, 0.40304335237378375, 0.4202439741059081, 0.4054269047117387, 0.39899342020827966, 0.41681582796962857, 0.43443779957212136, 0.4212118310695079, 0.4045465348206747, 0.4118144564249242, 0.42251031103243797, 0.4265524159332994, 0.40146173656296646, 93.08880819775223, 0.43299890922012985], "y": [36.3049231307992, 5.989441589535522, 73.52156118367168, 4.546587464423661, 5.820760277200067, 9.736819079510955, 26.474664628115363, 13.310331966609626, 0.47521481768243845, 5.350073753981383, 10.56773633891842, 5.971994190135409, 46.968493716973796, 3.09168653098523, 13.788899523560849, 9.396786940123658, 0.37014465953424747, 10.821908541297912, 45.96245926086532, 0.43544353796334434, 0.5357625938365072, 9.177879406647595, 0.4340763932421208, 0.5509296631528109, 0.4593518172311146, 18.385260561441665, 0.7288371518818888, 0.4356711096531036, 54.08438107719998, 0.39752365447433036, 0.39540902838443515, 0.38445362443434483, 0.395115462038822, 0.4330036124036063, 0.4035497149621641, 0.4244480846427887, 0.3875999732218638, 0.40033409677877607, 0.4181390779386813, 0.49667793121391846, 0.44077907323583254, 0.429408857941608, 0.39333692087331507, 0.42355846694872845, 0.4516978246935235, 0.4118331687451917, 77.73998472308105, 0.40508603802599374], "error_y": [19.351901927527017, 1.241412334676605, 19.079426497202814, 2.2004390563996346, 10.941232353414504, 3.9497657348658133, 10.10459219981154, 4.582178988568318, 0.18697515591955327, 3.209917740456854, 3.17356926543823, 5.488645532983768, 22.07304691272538, 1.4070766955793617, 4.034674685389525, 2.133337109417193, 0.16901779146988122, 26.553063126178348, 23.582002333041196, 0.1654801600764075, 0.2948815843155823, 4.9169482275357765, 0.2997859280358077, 0.23066497275449124, 0.2463783155111986, 13.445539033655562, 0.37424688518702853, 0.17519929306487506, 32.613323774833596, 0.1720620201916924, 0.12462488706194348, 0.16088671646248537, 0.16463281851815986, 0.14538695294465784, 0.15135230213846404, 0.18210804750555157, 0.15357602732903647, 0.13020478212063236, 0.13655716039646507, 0.18738644414175387, 0.1544049721008707, 0.14737221461241073, 0.1432269815696239, 0.1526039269426953, 0.16893215931446867, 0.13057430384213467, 20.21703226533689, 0.13585545814257902]}