{"trial": 43, "x": [2.4712416262952335, 20.626133045870986, 137.71521176148983, 91.34518500112819, 3.3890029541954743, 19.202559618303567, 27.336260074575208, 10.568691382665147, 5.067385859049102, 7.815651746537339, 7.331760655619349, 0.8564164137601633, 18.613544172810638, 0.5240293295002196, 0.48048577824641114, 7.483629811567884, 13.69876493374838, 1.9507962259156635, 0.4013641828921095, 1.043320688008988, 0.4067702647824678, 0.4383026727452144, 35.3052528040371, 12.197247946663738, 81.90868772961772, 0.606951272672168, 0.5654992789036832, 0.4384209927762779, 0.40949530734389583, 0.41866308067157476, 0.4033472464720962, 0.43904908792790565, 0.4032793642515742, 0.41526823346525177, 0.40033830458486186, 0.42401055942521104, 0.41561950958652893, 0.40288512576044333, 0.4187246313713029, 0.4024407364081579, 0.4010639623360248, 0.411816119011986], "y": [2.0209987494074486, 15.02360530566962, 53.58370925547069, 46.77142551916789, 3.0503605622897787, 15.837549029982004, 33.036961067761666, 10.881297637932201, 5.524661786465658, 9.681997398536607, 9.072230796490807, 0.8933772199347612, 24.954126504066046, 0.5739064170698036, 0.4897258860428373, 3.721525528374933, 25.416533336333764, 1.5486559159131694, 0.39359623254913245, 0.9845940971523142, 0.4071655286175506, 0.43065677093196975, 32.5233228874301, 32.475609260118034, 69.27027799885327, 0.6268526910941699, 0.5666803893366215, 0.4461764562041246, 0.4153850653697244, 0.4267177870828096, 0.40072368562579364, 0.4197311146418077, 0.41042356006620295, 0.4055516993775239, 0.40019266894993066, 0.42219913314226254, 0.4252298555875136, 0.39629965406348155, 0.4279288254741438, 0.40285740607105325, 0.40636869003088094, 0.4063458723864706], "error_y": [2.2287856819419103, 14.54986624113201, 38.65345794576133, 37.7284955545091, 2.771358406652161, 12.036850251080773, 12.74782331028221, 7.144334628630796, 7.445032435059644, 8.81618727381343, 8.39784085957614, 0.6416392320567228, 13.166269328432477, 0.35426888599342415, 0.21573454522381508, 12.882789887234964, 25.595570685881945, 2.2795520331086947, 0.18247338378826872, 0.8056323267871011, 0.2921120159321764, 0.16417106333567022, 15.920953997434276, 17.57119742397844, 37.37925619178198, 0.3323141324408889, 0.30252116328363254, 0.19990143134322494, 0.1867366046512122, 0.20855506410834088, 0.15802936777407076, 0.24590650888146817, 0.20766815069546937, 0.17034167609934878, 0.2255306882210509, 0.16114668632535512, 0.24055963058563123, 0.15607703009868398, 0.18685125552690804, 0.17358430438896275, 0.19889891581223396, 0.15194335911381948]}