{"trial": 38, "x": [2.4712416262952335, 20.626133045870986, 137.71521176148983, 91.34518500112819, 3.3890029541954743, 19.202559618303567, 27.336260074575208, 10.568691382665147, 5.067385859049102, 7.815651746537339, 7.331760655619349, 0.8564164137601633, 18.613544172810638, 0.5240293295002196, 0.48048577824641114, 7.483629811567884, 13.69876493374838, 1.9507962259156635, 0.4013641828921095, 1.043320688008988, 0.4067702647824678, 0.4383026727452144, 35.3052528040371, 12.197247946663738, 81.90868772961772, 0.606951272672168, 0.5654992789036832, 0.4384209927762779, 0.40949530734389583, 0.41866308067157476, 0.4033472464720962, 0.43904908792790565, 0.4032793642515742, 0.41526823346525177, 0.40033830458486186, 0.42401055942521104, 0.41561950958652893], "y": [2.0097785013725407, 15.189644087476944, 54.742875814921774, 47.9890904015472, 3.031731338627891, 15.835186431495607, 32.986494378194834, 10.724915913336188, 5.447867554966159, 9.572507392910822, 8.899212165820938, 0.8894672830484502, 24.610752922014303, 0.5739155282087047, 0.49236801720148904, 3.4824518583844473, 25.962043844657366, 1.5312969703279116, 0.3932238360656086, 0.9871859602589286, 0.41089610435233404, 0.42900549420043, 32.88846050049385, 31.7984708104908, 70.42648802344189, 0.6293905414082186, 0.565743428725197, 0.44475253219922983, 0.41827592364010435, 0.42653044951537034, 0.3995922880407434, 0.42029956654312883, 0.4137824694438361, 0.4046932755787811, 0.4031351697821677, 0.4205581656483304, 0.4291445959069744], "error_y": [2.230964123568335, 14.209873752931365, 39.25462336831898, 37.79569492078725, 2.775604437390836, 11.8938994527996, 12.403249830963421, 7.16613306856401, 7.253712410491118, 8.537507459624415, 8.22891718811904, 0.6671824299183305, 12.682203184092272, 0.3880285625607098, 0.24179870223170963, 12.64296351815638, 25.816430474887355, 2.330030456682122, 0.21493953836959823, 0.829644389624009, 0.34421151320039134, 0.19082198568342226, 15.514337918959898, 17.22442016462243, 37.96284147129476, 0.3500051414469425, 0.327176853876521, 0.23036295053083958, 0.2248265771536509, 0.2455339366206765, 0.19115575366014598, 0.27122396325670983, 0.2509150268629747, 0.1991996332895377, 0.2702461587448459, 0.19090521829629836, 0.28731753655398523]}