{"trial": 47, "x": [18.759037146623314, 5.1805512117900046, 78.30767416722374, 3.80132926634381, 15.240656415067026, 10.300120986942343, 22.39241817739498, 12.707706994583653, 0.4715870750413327, 4.70842078725474, 8.483773174074699, 5.205361615433589, 50.901756931480875, 2.342332652069035, 14.592255044828748, 10.960889035651505, 0.4170317001188515, 37.21966184762728, 47.01097544044708, 0.41786971377957904, 0.6257246280473456, 10.397024159082047, 0.5524421622255016, 0.48101329710380725, 0.47722133244903553, 4.391508343088157, 0.7206317361268226, 0.49652476603996476, 106.9547466164382, 0.42918742693251843, 0.4074071116233817, 0.4012704260806146, 0.43257525018188936, 0.4054889246015936, 0.40304335237378375, 0.4202439741059081, 0.4054269047117387, 0.39899342020827966, 0.41681582796962857, 0.43443779957212136, 0.4212118310695079, 0.4045465348206747, 0.4118144564249242, 0.42251031103243797, 0.4265524159332994, 0.40146173656296646, 93.08880819775223], "y": [36.33093597690391, 5.9917706313731065, 73.6049584974663, 4.5401122321318566, 5.830305627668379, 9.770416805520055, 26.475369343164374, 13.295424228709734, 0.473244316400498, 5.344125017899741, 10.561605130210202, 6.033336890319478, 46.98342848963868, 3.095897841439376, 13.76910092765712, 9.395923026445512, 0.3695262879376351, 10.741884596636034, 46.0606591589994, 0.433825175017871, 0.5346054513087797, 9.177981956071626, 0.42881069400350036, 0.5508108669722436, 0.46031300101028627, 18.338369971161704, 0.7239574852591399, 0.4317750433627534, 54.23264557951113, 0.39665954848966223, 0.393242148341054, 0.38429780257335544, 0.3921975451424853, 0.4318955581449213, 0.403260828070513, 0.4246847725639338, 0.3870033324374038, 0.3985274150006095, 0.4163469460272804, 0.4960791239856075, 0.4405335564155113, 0.42811292121094624, 0.3909664541286233, 0.42297856548984925, 0.4517278272590346, 0.41032053655091794, 77.89867487599501], "error_y": [19.326941303680016, 1.2380509585097745, 19.017023424187148, 2.209829880449672, 10.918855765634154, 3.963916724958741, 10.098566625818458, 4.569819362159532, 0.19201006842075488, 3.203652357864508, 3.1530330889863287, 5.538901353852623, 22.0433942537182, 1.403354838774241, 4.022692706301018, 2.1276342159170345, 0.17007533704064154, 26.62914325785296, 23.559813310728277, 0.16837151306639517, 0.2945475858387105, 4.900511588619597, 0.30532185449204985, 0.23180079744027565, 0.24711806624219645, 13.443577239457152, 0.38192202726851754, 0.18251969651959893, 32.68353699268846, 0.17302407379898485, 0.1304839827301323, 0.16209597289635458, 0.16998164339405478, 0.1485186038262085, 0.15254538037758233, 0.1831550509558809, 0.1547403474556578, 0.13477479047140264, 0.14174831648649727, 0.18878991561100136, 0.15547367648382188, 0.15039257456255156, 0.1483076015694285, 0.1537350804410623, 0.1699032439604858, 0.13496376277871813, 20.1551633251616]}