{"trial": 6, "x": [18.759037146623314, 5.1805512117900046, 78.30767416722374, 3.80132926634381, 15.240656415067026, 10.300120986942343, 22.39241817739498], "y": [13.498106870229353, 25.59549237512023, 24.417188715281586, 22.10486987051229, 28.507471526894896, 9.821696521406516, 9.990003598732779], "error_y": [36.86998432180308, 48.12616519293824, 49.552350666516375, 31.872038731193477, 37.045394977454286, 38.81974755931496, 34.820911415690624]}