{"trial": 47, "x": [2.4712416262952335, 20.626133045870986, 137.71521176148983, 91.34518500112819, 3.3890029541954743, 19.202559618303567, 27.336260074575208, 10.568691382665147, 5.067385859049102, 7.815651746537339, 7.331760655619349, 0.8564164137601633, 18.613544172810638, 0.5240293295002196, 0.48048577824641114, 7.483629811567884, 13.69876493374838, 1.9507962259156635, 0.4013641828921095, 1.043320688008988, 0.4067702647824678, 0.4383026727452144, 35.3052528040371, 12.197247946663738, 81.90868772961772, 0.606951272672168, 0.5654992789036832, 0.4384209927762779, 0.40949530734389583, 0.41866308067157476, 0.4033472464720962, 0.43904908792790565, 0.4032793642515742, 0.41526823346525177, 0.40033830458486186, 0.42401055942521104, 0.41561950958652893, 0.40288512576044333, 0.4187246313713029, 0.4024407364081579, 0.4010639623360248, 0.411816119011986, 308.12909601160663, 0.4176248336776389, 0.40896164560508197, 0.4008738624715509], "y": [2.3045234623195423, 26.801291612571966, 180.8441127847556, 58.83920411587245, 2.3910880899271696, 13.782388947003, 33.747107379820676, 5.635743497204253, 4.637595814577965, 10.003746362588018, 9.053043606662545, 0.7287576672232241, 25.427131143773693, 0.5118201535590856, 0.48765942069352164, 19.279742998139216, -7.274606678193717, 1.8515836256546763, 0.4382253876967397, 0.9474640719882039, 0.4038627524381688, 0.43326330304508787, 22.213022921184347, 0.6669225488565722, 128.88160908641333, 0.6215199743942676, 0.576497775018602, 0.42639639468162827, 0.41481834837926, 0.44030303379260616, 0.41205810627496575, 0.5069893817919464, 0.4086941727214217, 0.44048607945170914, 0.39933938058441143, 0.4147714897905601, 0.4219172227398502, 0.419083253017579, 0.4264913037898488, 0.4187064886739442, 0.4053419661521964, 0.4149487242818566, 180.78369096296493, 0.4166046720010641, 0.45186670851640187, 0.4034089939516683], "error_y": [2.50818816327499, 15.21568188191652, 32.68902354290474, 50.43089597882435, 3.301425749789913, 13.405356376682812, 13.84913803653516, 8.627175540371134, 8.668064153940193, 10.347622312495776, 10.2516675276995, 0.9557362385411869, 13.668436510452286, 0.5044879501206513, 0.37257501799906606, 13.367891384284082, 31.16666314476533, 3.1583339566211994, 0.28681805239045216, 1.2160541113350622, 0.4623489549630191, 0.28211388326718845, 16.855550821495672, 17.53055645078111, 48.405258710636524, 0.531819458340855, 0.5071161071775208, 0.3130283302322001, 0.3180862247769655, 0.3434360937842101, 0.26667099078307466, 0.32812184634802255, 0.34558650965039067, 0.27913088806745745, 0.37253209612494964, 0.26553408966181014, 0.39087027899237314, 0.26239491559000533, 0.31773915632085464, 0.28989184476379387, 0.3341570787411115, 0.2589207191891601, 48.96593423735209, 0.2935383095200605, 0.2871232284400311, 0.38677626261129805]}