{"trial": 18, "x": [55.041845749330484, 78.4546223767979, 2.7582408797141564, 20.69608202837636, 25.958763364161758, 13.175674148659908, 2.192616211042038, 5.136258864306655, 3.7629678973453284, 1.9952332890923312, 64.381898347721, 14.189210599976011, 15.802471562650565, 1.985616938692294, 0.5127721286082565, 0.6525264187320978, 0.42854979823023776, 5.896115611230093], "y": [47.202992833036966, 44.604926777987245, 2.5674499331795992, 24.636644480418507, 28.258461581530476, 11.736448895617722, 1.2506542393445557, 4.349496656164575, 4.976959512999374, 2.038162077043527, 45.84984221455014, 10.229129908451412, 13.802169110395448, 0.6635978150996777, 0.8644149308863582, 1.1120703459011985, 0.8292943467480889, 7.77425935290414], "error_y": [17.529624178055165, 33.838040868177856, 4.112965638159708, 10.00009187426764, 8.02187712272533, 4.852157534336441, 2.258831631486815, 4.602362571471384, 2.3871866722230846, 2.6143802057675094, 45.527197785388495, 10.024662045093798, 6.094436041835481, 3.3517441590982955, 1.2638725735172713, 1.9857340280185378, 1.300870826014269, 8.524740653115533]}