{"trial": 42, "x": [18.759037146623314, 5.1805512117900046, 78.30767416722374, 3.80132926634381, 15.240656415067026, 10.300120986942343, 22.39241817739498, 12.707706994583653, 0.4715870750413327, 4.70842078725474, 8.483773174074699, 5.205361615433589, 50.901756931480875, 2.342332652069035, 14.592255044828748, 10.960889035651505, 0.4170317001188515, 37.21966184762728, 47.01097544044708, 0.41786971377957904, 0.6257246280473456, 10.397024159082047, 0.5524421622255016, 0.48101329710380725, 0.47722133244903553, 4.391508343088157, 0.7206317361268226, 0.49652476603996476, 106.9547466164382, 0.42918742693251843, 0.4074071116233817, 0.4012704260806146, 0.43257525018188936, 0.4054889246015936, 0.40304335237378375, 0.4202439741059081, 0.4054269047117387, 0.39899342020827966, 0.41681582796962857, 0.43443779957212136, 0.4212118310695079, 0.4045465348206747], "y": [37.32242241514328, 5.799096539022152, 48.983822023006425, 4.62939052826858, 4.450370034426704, 8.90255236215258, 26.850794501353967, 14.182119676068346, 0.46485234046016366, 6.185090937242588, 9.333146226036117, 6.298056022409567, 34.25376232093403, 2.70837186461708, 14.708541006510202, 9.762567238917825, 0.3974977241087725, 10.962015854953284, 49.267593271081765, 0.4391955765229145, 0.5414181362794164, 8.960502004880881, 0.4242284100914784, 0.5445598777922047, 0.4749590847792735, 19.711974761526868, 0.7339278078076727, 0.43017729204505706, 50.53317181471091, 0.41273753229428856, 0.3912141379390164, 0.40055757420574345, 0.3940027994534283, 0.42957676219690555, 0.41200261223915824, 0.4328152852600251, 0.40103407760339316, 0.39838914187747676, 0.4111423430285601, 0.4993524967831995, 0.4425482558884344, 0.42964470958976797], "error_y": [20.288971917109322, 1.3993846348375756, 27.036095073341368, 2.3556181242703804, 11.82756806999459, 4.32307286640962, 10.629883469622378, 5.1422443085648935, 0.19202481812097608, 3.560705589835165, 4.313936872266441, 5.809984430499969, 26.054780936285812, 1.6402268885953268, 4.498673035891847, 2.402825394619856, 0.17339829092039935, 26.38394263393345, 25.162840410346902, 0.17205368738016774, 0.3206851149226277, 5.37501848291597, 0.3275253476041514, 0.24146126531977563, 0.26433935356399785, 14.064213284967341, 0.40849312165575247, 0.18905874038630338, 32.5236047072695, 0.1764763736445381, 0.12931219640737282, 0.16587185689807113, 0.1731795797611697, 0.14906000995187646, 0.15710496962697895, 0.1919824640373918, 0.15706985909759066, 0.1342507465531537, 0.13993336251700397, 0.19585707940104902, 0.16375685692091219, 0.15204685040522029]}