{"trial": 19, "x": [55.041845749330484, 78.4546223767979, 2.7582408797141564, 20.69608202837636, 25.958763364161758, 13.175674148659908, 2.192616211042038, 5.136258864306655, 3.7629678973453284, 1.9952332890923312, 64.381898347721, 14.189210599976011, 15.802471562650565, 1.985616938692294, 0.5127721286082565, 0.6525264187320978, 0.42854979823023776, 5.896115611230093, 0.6757261714269394], "y": [46.74717272714735, 45.83038528126066, 2.405810562278269, 24.362393126111282, 28.553038407659166, 11.81957346620748, 1.299424452959995, 4.374625539349067, 4.521889988279419, 2.150283466096619, 46.08296041079615, 10.852962917301177, 14.140753143768654, 1.049862503102771, 0.8047933432774599, 0.9021118979084708, 0.77908768574882, 7.823205504814116, 0.892699321060519], "error_y": [17.18591140985836, 33.161636340112416, 3.7371696765690876, 9.461178958447913, 7.759387904833964, 4.512094223540614, 2.0307473109318672, 4.246935420056659, 1.9697403220646854, 2.453748375296311, 44.88054246320204, 9.23444418372776, 5.609352588193667, 2.1602203601738417, 1.1151428350358956, 1.5287202102352528, 1.146240327578096, 8.135852219995678, 1.0160434351603425]}