{"trial": 10, "x": [55.041845749330484, 78.4546223767979, 2.7582408797141564, 20.69608202837636, 25.958763364161758, 13.175674148659908, 2.192616211042038, 5.136258864306655, 3.7629678973453284, 1.9952332890923312], "y": [44.49586933623464, 27.6413197372824, 5.586891037953357, 23.156552230122518, 27.300716382445337, 14.137520572402064, 4.295192512514497, 0.9473892378559441, 14.57213582022953, 0.7816507448427714], "error_y": [20.80451426244057, 44.80149725500919, 7.950748216489113, 17.598872374144108, 11.634929903590415, 10.278662862905252, 7.438969598587055, 15.632494889560753, 31.184694795668214, 4.324893033977435]}