{"trial": 24, "x": [18.759037146623314, 5.1805512117900046, 78.30767416722374, 3.80132926634381, 15.240656415067026, 10.300120986942343, 22.39241817739498, 12.707706994583653, 0.4715870750413327, 4.70842078725474, 8.483773174074699, 5.205361615433589, 50.901756931480875, 2.342332652069035, 14.592255044828748, 10.960889035651505, 0.4170317001188515, 37.21966184762728, 47.01097544044708, 0.41786971377957904, 0.6257246280473456, 10.397024159082047, 0.5524421622255016, 0.48101329710380725], "y": [20.13845999126598, 6.717191631037698, 51.049810659898554, 6.440604202886062, 24.380864623957017, 9.34508836575495, 11.619422258225883, 16.21521924473245, 0.3027541236198612, 8.146580720571691, 8.511463500765519, 9.292916391965168, 31.078970446243574, 2.2262637985453395, 14.310114250878554, 8.783373285871676, 0.4081639310448164, 25.972146210982466, 34.06640110817746, 0.48310515026116185, 0.4382502418808887, 8.401513513538017, 0.629682731081628, 0.4083250955685127], "error_y": [19.895290040021695, 1.8876987726665428, 26.235271251326466, 6.046803007963671, 17.415606725277744, 6.241856787307362, 14.724350372650063, 8.263447524134072, 0.7186635358625468, 6.203164299727736, 4.868608076701127, 9.14064685314385, 27.399474098647204, 2.194850616191092, 5.4034944516460675, 3.098588102409112, 1.1745030867463848, 32.610639453997315, 23.252549043193408, 0.7239673746354199, 0.9079807237815228, 5.7907864519717664, 0.8081384814279773, 0.7297499580625718]}