{"trial": 24, "x": [2.4712416262952335, 20.626133045870986, 137.71521176148983, 91.34518500112819, 3.3890029541954743, 19.202559618303567, 27.336260074575208, 10.568691382665147, 5.067385859049102, 7.815651746537339, 7.331760655619349, 0.8564164137601633, 18.613544172810638, 0.5240293295002196, 0.48048577824641114, 7.483629811567884, 13.69876493374838, 1.9507962259156635, 0.4013641828921095, 1.043320688008988, 0.4067702647824678, 0.4383026727452144, 35.3052528040371], "y": [2.2369479035002584, 31.45572773581491, 38.94890336866786, 48.92551657777729, 3.1497954528081085, 11.954292997527732, 32.306578185333166, 7.89666794025732, 5.170333944391164, 10.368556871205659, 9.683486305895109, 0.2550954967822392, 25.54630173707157, 0.8997557945852996, 0.5331877611859284, 20.051603365209825, 16.602279564670702, 1.3986596427632456, 0.5486858407767841, 1.0192381564638993, 0.5161861371796945, 0.45591722595881734, 15.941531056742033], "error_y": [2.7670514974019067, 22.376813973624916, 55.49326447846913, 41.49047872264855, 4.074959081893202, 14.54779073846923, 14.146068515027029, 12.826584595376225, 10.004895713207452, 11.307655166205077, 11.869193006371562, 1.878200743506627, 14.521442526064694, 1.4196155719104928, 1.0084020856078728, 17.360975593959473, 26.883269135476873, 4.253900942354546, 1.0699775607320023, 1.9623594609970656, 1.5204429944757039, 0.9556164358362564, 19.648891382112602]}