{"trial": 11, "x": [2.4712416262952335, 20.626133045870986, 137.71521176148983, 91.34518500112819, 3.3890029541954743, 19.202559618303567, 27.336260074575208, 10.568691382665147, 5.067385859049102, 7.815651746537339, 7.331760655619349], "y": [3.1485955921940842, 45.67302912285957, 61.087657267197685, 50.949161682349995, 18.41127825195438, 11.825502101492635, 33.29404415541656, -2.1620309270273843, 13.862906755869503, 8.769180589366353, 10.701559376381002], "error_y": [9.637928981956863, 47.079719154267394, 81.3961073730154, 42.15742156100243, 27.397165366364597, 13.071085613034862, 13.268130698955304, 23.42640740218367, 19.725065539582975, 14.840119843078714, 31.15695971113055]}