{"trial": 20, "x": [2.4712416262952335, 20.626133045870986, 137.71521176148983, 91.34518500112819, 3.3890029541954743, 19.202559618303567, 27.336260074575208, 10.568691382665147, 5.067385859049102, 7.815651746537339, 7.331760655619349, 0.8564164137601633, 18.613544172810638, 0.5240293295002196, 0.48048577824641114, 7.483629811567884, 13.69876493374838, 1.9507962259156635, 0.4013641828921095, 1.043320688008988], "y": [2.814871422218939, 24.47189803121986, 43.3636558644393, 57.72884334740813, 4.670982794032909, 11.726966541285112, 27.514251915373787, 8.80618344706897, 8.0163549751843, 10.103541145858099, 11.491290342922097, 0.37854532258957363, 16.931914471478407, 0.7115965775300097, 0.5535698098787556, 5.277472360786474, 32.67572272796782, 0.07659599668934902, 0.2824417571678097, 1.1969782373647568], "error_y": [2.922793360640265, 19.60535923395585, 55.67166091107731, 39.6102607093159, 3.521871933844066, 12.251008633069173, 12.025771366068392, 11.959459590288498, 10.632754595853445, 12.558571661853213, 14.346416131508624, 2.0949766263607827, 15.397615742118496, 1.8722335813605482, 1.500338120305669, 23.023466767903315, 28.473515017785363, 5.6149977705167515, 1.5871222785989494, 2.08835875805188]}