{"trial": 46, "x": [2.4712416262952335, 20.626133045870986, 137.71521176148983, 91.34518500112819, 3.3890029541954743, 19.202559618303567, 27.336260074575208, 10.568691382665147, 5.067385859049102, 7.815651746537339, 7.331760655619349, 0.8564164137601633, 18.613544172810638, 0.5240293295002196, 0.48048577824641114, 7.483629811567884, 13.69876493374838, 1.9507962259156635, 0.4013641828921095, 1.043320688008988, 0.4067702647824678, 0.4383026727452144, 35.3052528040371, 12.197247946663738, 81.90868772961772, 0.606951272672168, 0.5654992789036832, 0.4384209927762779, 0.40949530734389583, 0.41866308067157476, 0.4033472464720962, 0.43904908792790565, 0.4032793642515742, 0.41526823346525177, 0.40033830458486186, 0.42401055942521104, 0.41561950958652893, 0.40288512576044333, 0.4187246313713029, 0.4024407364081579, 0.4010639623360248, 0.411816119011986, 308.12909601160663, 0.4176248336776389, 0.40896164560508197], "y": [2.3098485750946587, 26.847761348296313, 180.70255444960503, 59.00602515477513, 2.3792821193283338, 13.712109818701114, 33.72314967215837, 5.6135956722103675, 4.612588967610812, 10.01062447328793, 9.028660664718506, 0.7259871745039419, 25.39318541245875, 0.5141252035769277, 0.4877302980707583, 19.24245596513025, -7.422158531184689, 1.859386909591496, 0.43879252575608874, 0.9474871142096184, 0.4039593301520519, 0.4329835660729948, 22.251203245413006, 0.6315437750185886, 128.96265196965433, 0.6216702301312722, 0.5749091824555883, 0.42729324772526667, 0.41498328859475464, 0.4415914069825071, 0.4125487996315691, 0.5073364852006534, 0.40890255072529413, 0.44040974719881376, 0.3994602566575409, 0.4151379524477541, 0.42219881107175183, 0.41931763792870314, 0.4266661459390235, 0.41950975848582317, 0.40552105035879293, 0.41511137514390484, 181.7406982374708, 0.41740597518631617, 0.45217695796756274], "error_y": [2.501953089105873, 15.115389607460866, 32.50090439249662, 50.315007138581244, 3.2917040914503235, 13.381362507129117, 13.760557243774466, 8.624425001262251, 8.609851446182748, 10.327291468550387, 10.243196691890962, 0.9568656606454865, 13.554941779586793, 0.5070349716508357, 0.38123560406890394, 13.280339650359032, 31.10001489400824, 3.1676868449700435, 0.2892077044155889, 1.2232130228520868, 0.5055616470815391, 0.2846675664925029, 16.735735105932278, 17.40011921837161, 48.41732938744811, 0.5352806955402893, 0.5102100196531032, 0.31544940923311465, 0.3412275874527314, 0.3460876747870629, 0.2692022786203545, 0.32996525395432136, 0.37600215691690503, 0.2816739695539125, 0.4058231784121663, 0.26796785705416265, 0.42650404228734373, 0.264928963544213, 0.341026553096205, 0.29245061345697054, 0.36244771544571946, 0.26144584013852634, 48.910262901621444, 0.2960464949241468, 0.28943993749892605]}