{"trial": 27, "x": [2.4712416262952335, 20.626133045870986, 137.71521176148983, 91.34518500112819, 3.3890029541954743, 19.202559618303567, 27.336260074575208, 10.568691382665147, 5.067385859049102, 7.815651746537339, 7.331760655619349, 0.8564164137601633, 18.613544172810638, 0.5240293295002196, 0.48048577824641114, 7.483629811567884, 13.69876493374838, 1.9507962259156635, 0.4013641828921095, 1.043320688008988, 0.4067702647824678, 0.4383026727452144, 35.3052528040371, 12.197247946663738, 81.90868772961772, 0.606951272672168], "y": [1.9682815820416764, 14.904039817092468, 54.97718236409052, 49.31582394258794, 2.965250843289688, 14.42101044944489, 33.071221198314355, 10.229857687879797, 5.718606336713204, 9.947164193631854, 9.00800026183921, 0.8331565135292642, 25.103773409583603, 0.6355572005157555, 0.5321396859887955, 3.118015875305783, 26.749687713331017, 1.4081308983137895, 0.4056841861313849, 1.0030622222187873, 0.5514591947505494, 0.427879905786547, 32.974506491405386, 31.585836149685136, 71.37283848841108, 0.6501348899684061], "error_y": [2.732480839892472, 15.966627735368437, 43.08674835094361, 40.946595412473904, 3.9526642193727413, 14.815561364866248, 13.885890277000161, 10.453830346219942, 9.042850833537816, 10.198673510109364, 10.711034885911054, 1.637785109813657, 14.357621883047834, 1.232992886536594, 0.7470319328191668, 13.444685257285304, 28.0318545866574, 3.6379687601720483, 0.8992408105888914, 1.4639881415943203, 1.3589201871533518, 0.8002504224871702, 16.836244530555145, 18.321677079919123, 42.95472972895125, 0.7878458196775594]}