{"trial": 5, "x": [18.759037146623314, 5.1805512117900046, 78.30767416722374, 3.80132926634381, 15.240656415067026, 10.300120986942343], "y": [11.675060994008613, 25.305627117661547, 22.199768967571927, 22.088518801197402, 27.30073040840549, 6.481684449765732], "error_y": [36.872976243399656, 52.49160983628496, 53.960967057295925, 41.23877840756052, 37.06613827377762, 40.882764094659024]}