{"trial": 9, "x": [18.759037146623314, 5.1805512117900046, 78.30767416722374, 3.80132926634381, 15.240656415067026, 10.300120986942343, 22.39241817739498, 12.707706994583653, 0.4715870750413327, 4.70842078725474], "y": [19.8538898992573, 16.57635370322652, 29.061750930062637, 5.174131534377775, 20.553120046105015, 5.086000219044877, 10.025869080515356, 14.998343270139538, 4.21798742041099, 17.624105369465703], "error_y": [30.472193852238373, 38.54838463447546, 39.63931392963799, 13.004264661720555, 30.27171492225625, 18.933513004847676, 25.81796075928571, 18.81518410959081, 11.343229888002716, 38.917272414214025]}