{"trial": 37, "x": [18.759037146623314, 5.1805512117900046, 78.30767416722374, 3.80132926634381, 15.240656415067026, 10.300120986942343, 22.39241817739498, 12.707706994583653, 0.4715870750413327, 4.70842078725474, 8.483773174074699, 5.205361615433589, 50.901756931480875, 2.342332652069035, 14.592255044828748, 10.960889035651505, 0.4170317001188515, 37.21966184762728, 47.01097544044708, 0.41786971377957904, 0.6257246280473456, 10.397024159082047, 0.5524421622255016, 0.48101329710380725, 0.47722133244903553, 4.391508343088157, 0.7206317361268226, 0.49652476603996476, 106.9547466164382, 0.42918742693251843, 0.4074071116233817, 0.4012704260806146, 0.43257525018188936, 0.4054889246015936, 0.40304335237378375, 0.4202439741059081, 0.4054269047117387], "y": [37.68042202750554, 5.838077096755591, 49.81229320573327, 4.573436526677989, 4.419943472094419, 9.074952463042198, 26.838803819383045, 14.040424285817526, 0.4760435137371477, 6.205031619731771, 9.426291072685636, 6.836720211748031, 34.26053829019986, 2.780962917444242, 14.579311567649931, 9.722444590102487, 0.39661060138968907, 10.409928358957709, 49.95589418935805, 0.456904596357008, 0.5356948030377726, 8.907746164718569, 0.41994582694613847, 0.585972286641729, 0.48630274410537133, 19.511660164423894, 0.7262775412752998, 0.4284711979004072, 51.25300429276039, 0.4101591262728803, 0.39994973055637395, 0.4033751329128261, 0.3986217766142808, 0.450112043810055, 0.4140519368966942, 0.4389768954550526, 0.40058184988142465], "error_y": [20.342283579640593, 1.4046858144417802, 27.233214701566713, 2.4151590189332257, 11.77407483084446, 4.453636321557825, 10.63145553776773, 5.145453405172147, 0.22014833436126915, 3.608805057250992, 4.297779795740527, 6.224314724835288, 26.408440530717535, 1.6858488254748378, 4.460626303716922, 2.390898897253266, 0.1884416349510347, 26.919204351413704, 25.333660225771702, 0.22380062185728675, 0.32302581943888564, 5.324097462961479, 0.34789619702962987, 0.3082508075212388, 0.28243762961469343, 14.126310070700193, 0.4227507952985663, 0.20466452418341213, 33.166504738684516, 0.19049271285075353, 0.16532551373423396, 0.18468620754134996, 0.20320973545426085, 0.20265278577645068, 0.17622684480768866, 0.21154093402198462, 0.17412199285595673]}