{"trial": 42, "x": [55.041845749330484, 78.4546223767979, 2.7582408797141564, 20.69608202837636, 25.958763364161758, 13.175674148659908, 2.192616211042038, 5.136258864306655, 3.7629678973453284, 1.9952332890923312, 64.381898347721, 14.189210599976011, 15.802471562650565, 1.985616938692294, 0.5127721286082565, 0.6525264187320978, 0.42854979823023776, 5.896115611230093, 0.6757261714269394, 0.4637960507942278, 0.41462645624994643, 0.40630145843577736, 0.5467868607411877, 0.40696941327494685, 308.12909601160663, 0.4221735035570866, 0.4289127629991736, 0.4080748129761158, 0.3986794554750208, 0.43952544968514395, 0.398252129323895, 0.4415826631509727, 0.4086123891686988, 0.4060055204062323, 1.4211534267245884, 0.40778139962967863, 0.43189891402667513, 0.3992247779216118, 0.40604067048206716, 0.43077108188928825, 14.243185468129962, 21.00890586618955], "y": [70.76293698429599, 57.397189809340674, 2.220982416912527, 19.367156796613866, 19.358394126716238, 14.387215984522566, 1.49995737744009, 4.522089308744878, 3.92146179073184, 2.920181137065466, 68.21738507862678, 12.061467967681569, 16.704092191572382, 2.3070491606866064, 0.5085968112908432, 0.6095741432547737, 0.4302384020620522, 7.9674476176619144, 0.7261632378689953, 0.4221819930760038, 0.42541291186775076, 0.39548961350370426, 0.5237472146512836, 0.38839136873345126, 90.58600557354185, 0.41987716738591097, 0.3999154443066164, 0.40508936169257304, 0.4096032365122202, 0.4252020451235854, 0.3824931718724738, 0.44793309190155917, 0.3992947480136344, 0.4264051461481184, 1.546569556493603, 0.3832096518945516, 0.4389536933098306, 0.3885236782875392, 0.4074796684501525, 0.4495791198254597, 10.157569455019797, 40.76232904484988], "error_y": [22.014864214230865, 45.487830607873626, 3.5804287215057715, 6.633184938344954, 9.787936775148827, 3.4599588411705633, 2.4817084650504557, 5.950372831934862, 1.4852672021460969, 3.2516993371809284, 60.27938416890659, 9.667148727572679, 6.812388286327124, 1.6118805156978362, 0.36294518027975314, 0.4574590363125169, 0.37401147550508046, 9.788128940791541, 0.5102517464419688, 0.3223891846945289, 0.34551753569426913, 0.2713485873448822, 0.36372393829510963, 0.26850115353082266, 75.51010229044235, 0.334820625890347, 0.2890660397567543, 0.2828277802965823, 0.3512564509120086, 0.28644267495642556, 0.2644399822457073, 0.34610013988523336, 0.2718805871732026, 0.36589534466151247, 1.4532436476299746, 0.2717453370503267, 0.3188512664453634, 0.26750619016148014, 0.3383867617197906, 0.35759005818751627, 26.457466653258642, 30.18011203192883]}