{"trial": 18, "x": [18.759037146623314, 5.1805512117900046, 78.30767416722374, 3.80132926634381, 15.240656415067026, 10.300120986942343, 22.39241817739498, 12.707706994583653, 0.4715870750413327, 4.70842078725474, 8.483773174074699, 5.205361615433589, 50.901756931480875, 2.342332652069035, 14.592255044828748, 10.960889035651505, 0.4170317001188515, 37.21966184762728], "y": [24.719072622262452, 8.031229328800363, 37.346944803608636, 5.957268083106664, 20.383299801534946, 7.48543173183859, 10.866418956993002, 17.943455767622755, -0.019455789684514002, 8.920865488996583, 8.665887505674506, 10.49525590429339, 30.610551840045655, 1.5944694467056468, 12.424677906638752, 8.15078035839076, 0.41593330471063084, 25.790308326059396], "error_y": [22.9727907512657, 4.388222835040744, 30.14093002674264, 8.093346706905027, 24.234715092517668, 8.90901862921642, 18.898717697919146, 10.28295108370417, 5.070039277175426, 9.258622304421449, 7.60609899825458, 12.293286463257552, 29.644425630301185, 4.032232424243766, 9.6900288837502, 5.439049429040311, 2.9537923027487913, 34.16313196851794]}