{"trial": 35, "x": [55.041845749330484, 78.4546223767979, 2.7582408797141564, 20.69608202837636, 25.958763364161758, 13.175674148659908, 2.192616211042038, 5.136258864306655, 3.7629678973453284, 1.9952332890923312, 64.381898347721, 14.189210599976011, 15.802471562650565, 1.985616938692294, 0.5127721286082565, 0.6525264187320978, 0.42854979823023776, 5.896115611230093, 0.6757261714269394, 0.4637960507942278, 0.41462645624994643, 0.40630145843577736, 0.5467868607411877, 0.40696941327494685, 308.12909601160663, 0.4221735035570866, 0.4289127629991736, 0.4080748129761158, 0.3986794554750208, 0.43952544968514395, 0.398252129323895, 0.4415826631509727, 0.4086123891686988, 0.4060055204062323, 1.4211534267245884], "y": [89.82779022747219, 54.96709295850515, 2.066681858688188, 18.30487878649049, 16.208070027438694, 15.12033377737992, 1.4089698025411934, 4.2037016106173795, 3.7886403808023967, 2.9704039039832697, 151.41180626362558, 12.309740225962495, 17.4451434597359, 2.1800502487389153, 0.5147074727796976, 0.6371286072992888, 0.4385916592331931, 7.639467709303087, 0.7201954038989271, 0.4371005878561718, 0.43352736975327844, 0.4035581213343633, 0.527099959260731, 0.39600115564946137, 86.84187598466178, 0.42747989715915935, 0.41446124142323626, 0.4086066400027413, 0.4182863836137116, 0.429669398008361, 0.3907270701381016, 0.45524965251028604, 0.403667013081062, 0.4357322290761765, 1.4072238180067451], "error_y": [29.37257332695314, 48.69234239486605, 3.820221849009962, 12.511105696621984, 11.962658897424733, 5.207006717882878, 2.674297566359275, 6.741995665061245, 1.7904443202540952, 3.523188288542586, 96.83787653562703, 10.944549346725456, 7.71641436716303, 1.7538304236497493, 0.4411854721371983, 0.5317915774150963, 0.45873587612275035, 10.416014510541215, 0.5952076372759757, 0.38322559962178643, 0.43534122732472375, 0.3354354630264429, 0.41880616907159435, 0.3285877810718891, 82.36505819034318, 0.4187237327494227, 0.3497502881169954, 0.35083972734524466, 0.44125444155887317, 0.34473728025971795, 0.32669327857224306, 0.4328723130835657, 0.33542170538826427, 0.45877044005036144, 1.565765647639882]}