{"trial": 3, "x": [18.759037146623314, 5.1805512117900046, 78.30767416722374, 3.80132926634381], "y": [35.495413608828514, 20.44687814981352, 27.036859280147638, 10.115531075153296], "error_y": [49.071337311590156, 60.72332136979918, 61.22535269333947, 48.978211688395874]}