{"trial": 34, "x": [18.759037146623314, 5.1805512117900046, 78.30767416722374, 3.80132926634381, 15.240656415067026, 10.300120986942343, 22.39241817739498, 12.707706994583653, 0.4715870750413327, 4.70842078725474, 8.483773174074699, 5.205361615433589, 50.901756931480875, 2.342332652069035, 14.592255044828748, 10.960889035651505, 0.4170317001188515, 37.21966184762728, 47.01097544044708, 0.41786971377957904, 0.6257246280473456, 10.397024159082047, 0.5524421622255016, 0.48101329710380725, 0.47722133244903553, 4.391508343088157, 0.7206317361268226, 0.49652476603996476, 106.9547466164382, 0.42918742693251843, 0.4074071116233817, 0.4012704260806146, 0.43257525018188936, 0.4054889246015936], "y": [37.86437868286278, 5.902511810109859, 50.286736063671995, 4.562529701861026, 4.383922657317543, 9.10721673615411, 26.854767001861177, 14.011791676189212, 0.47829882929442924, 6.272668708317292, 9.45303981714197, 6.868989769423485, 34.264941035072155, 2.814368769265343, 14.559818000942416, 9.672774635338264, 0.3977895057982792, 10.044786274378387, 50.25783283748681, 0.4556323430231206, 0.5290811032943417, 8.87775990921355, 0.4153632351166454, 0.5897189612100746, 0.5025745343673211, 19.395743215529723, 0.7263454647314802, 0.4266807922551834, 51.72279913899085, 0.41010723291637596, 0.39974935594845284, 0.40975816052142555, 0.39634212226021504, 0.4513661571637151], "error_y": [20.34364864359556, 1.4452172583611174, 27.264508929709393, 2.4111779471908066, 11.717994424840535, 4.459241165440221, 10.630628739079786, 5.092418719846531, 0.22438169097300753, 3.7509864078781496, 4.2909959440793015, 6.225200087158839, 26.721847291719346, 1.7138532047967374, 4.480163428652523, 2.4063465509595847, 0.24815903265738404, 27.25447312899684, 25.395950991192382, 0.22776863810008702, 0.3491251169229831, 5.3112143328181345, 0.3510218173569538, 0.3097729140671949, 0.3760901941435864, 14.137690151632437, 0.42077650854960313, 0.20799006595459485, 33.53902254164542, 0.24039831536988476, 0.17033773496550964, 0.2562085805875014, 0.2081486858764908, 0.2067472205682693]}