{"trial": 38, "x": [55.041845749330484, 78.4546223767979, 2.7582408797141564, 20.69608202837636, 25.958763364161758, 13.175674148659908, 2.192616211042038, 5.136258864306655, 3.7629678973453284, 1.9952332890923312, 64.381898347721, 14.189210599976011, 15.802471562650565, 1.985616938692294, 0.5127721286082565, 0.6525264187320978, 0.42854979823023776, 5.896115611230093, 0.6757261714269394, 0.4637960507942278, 0.41462645624994643, 0.40630145843577736, 0.5467868607411877, 0.40696941327494685, 308.12909601160663, 0.4221735035570866, 0.4289127629991736, 0.4080748129761158, 0.3986794554750208, 0.43952544968514395, 0.398252129323895, 0.4415826631509727, 0.4086123891686988, 0.4060055204062323, 1.4211534267245884, 0.40778139962967863, 0.43189891402667513, 0.3992247779216118], "y": [89.96028512871786, 54.81738021809345, 2.1010719876612836, 18.491154436519412, 16.162682079941234, 15.07437091775022, 1.4224751192664673, 4.224945569109757, 3.7892933314955055, 2.969987310135634, 148.5648900899927, 12.334588799817443, 17.35445662326807, 2.180475783239798, 0.5134832289466367, 0.6374699400575121, 0.43709078578433846, 7.641746295742907, 0.7159591934718783, 0.4388033876180586, 0.43202324448055407, 0.40330274008518074, 0.5307607106753522, 0.3971222186568433, 85.78485822274, 0.4257621618807086, 0.4149718961998694, 0.4084554358153625, 0.416636395214816, 0.4316042211108524, 0.39113612140096166, 0.4538979048884677, 0.4044545784987612, 0.4341221051516868, 1.4332122192059948, 0.3949901500085957, 0.4386182165536532, 0.39487202330695936], "error_y": [29.634986091335218, 48.159697864432644, 3.7652348011014833, 12.566801426308967, 12.191824138122675, 5.290069706952019, 2.673364114648536, 6.832218737230904, 1.6863297276024602, 3.512551512738297, 93.94057870882084, 11.00431831694975, 7.62370945473832, 1.7127830669424566, 0.427260761010027, 0.5025338134759775, 0.4438028777694102, 10.340269859745405, 0.54410377826233, 0.346814167154084, 0.41977689748130814, 0.285642150802424, 0.38386661361785385, 0.2826160684280512, 80.7375423111079, 0.4038186738587259, 0.30834853832045095, 0.2984424386573142, 0.42564787314235597, 0.30116095520328967, 0.2783369786640839, 0.41773822826737717, 0.28604522660407783, 0.4431448608288357, 1.5404513587725244, 0.2875019715643027, 0.3385707244199331, 0.2814121410773027]}