{"trial": 16, "x": [18.759037146623314, 5.1805512117900046, 78.30767416722374, 3.80132926634381, 15.240656415067026, 10.300120986942343, 22.39241817739498, 12.707706994583653, 0.4715870750413327, 4.70842078725474, 8.483773174074699, 5.205361615433589, 50.901756931480875, 2.342332652069035, 14.592255044828748, 10.960889035651505], "y": [21.92669024819522, 9.481978331748635, 35.75095104600064, 6.058336770836629, 20.4127134468186, 7.4916102249769505, 10.718319195636644, 17.79898625513976, 0.1411309210662779, 8.907231769144367, 9.069557476091187, 10.486616266244063, 29.488272269243275, 0.41395912423545767, 12.181966612794191, 7.054500269692557], "error_y": [25.17184858447085, 5.723696222225183, 31.28063449353413, 8.570768755825043, 24.777028245998572, 9.254182108684482, 19.392914687008798, 10.945483740079151, 5.404939288825255, 9.879090031134643, 10.256431848555952, 13.096799888811267, 31.03274098642861, 7.6929750572414735, 10.027867667140772, 6.653412253500716]}