{"trial": 4, "x": [55.041845749330484, 78.4546223767979, 2.7582408797141564, 20.69608202837636, 25.958763364161758], "y": [42.224279271347, 44.56655991518476, 7.758952694415704, 39.16848724424287, 31.364761899597017], "error_y": [23.726235410826543, 54.74035122975991, 26.792459267262775, 49.57181985549308, 16.22664684749905]}