{"trial": 41, "x": [2.4712416262952335, 20.626133045870986, 137.71521176148983, 91.34518500112819, 3.3890029541954743, 19.202559618303567, 27.336260074575208, 10.568691382665147, 5.067385859049102, 7.815651746537339, 7.331760655619349, 0.8564164137601633, 18.613544172810638, 0.5240293295002196, 0.48048577824641114, 7.483629811567884, 13.69876493374838, 1.9507962259156635, 0.4013641828921095, 1.043320688008988, 0.4067702647824678, 0.4383026727452144, 35.3052528040371, 12.197247946663738, 81.90868772961772, 0.606951272672168, 0.5654992789036832, 0.4384209927762779, 0.40949530734389583, 0.41866308067157476, 0.4033472464720962, 0.43904908792790565, 0.4032793642515742, 0.41526823346525177, 0.40033830458486186, 0.42401055942521104, 0.41561950958652893, 0.40288512576044333, 0.4187246313713029, 0.4024407364081579], "y": [2.0192796515260696, 15.085571317353756, 54.02980365526609, 47.229131553840816, 3.0396544436287716, 15.841333778494068, 33.021993254534195, 10.822344519439499, 5.498053246889343, 9.639535322881542, 9.006059596218291, 0.8918978477232677, 24.836254213041663, 0.573438914924095, 0.4905528696027126, 3.6244623832416334, 25.6257874179987, 1.5424469673369998, 0.3934777553633406, 0.9850326150415185, 0.4084447614327704, 0.429979344528407, 32.66800446878301, 32.216318194390844, 69.72928556135764, 0.6276280328549717, 0.5662836509214539, 0.4455585056213369, 0.41636040655243356, 0.4265899023627533, 0.4002666112386901, 0.42006593141535475, 0.41158476849710013, 0.4052162555786136, 0.4011800762953772, 0.42152643524134703, 0.42661966984919175, 0.3958888691560656, 0.42899846857430823, 0.4025446662745882], "error_y": [2.214843117352718, 14.41473508509295, 38.8956071098688, 37.772777453625665, 2.7793331374336754, 11.975407327782804, 12.61291480384399, 7.15420073197711, 7.389750608039732, 8.705350138539622, 8.332248106348649, 0.6532620836339632, 12.9900590767222, 0.3613619229749047, 0.22543177233377884, 12.792080030104906, 25.687459632948208, 2.301205493157955, 0.1907245264985952, 0.8128976049410546, 0.3172884390153037, 0.1732669300827253, 15.76529115167716, 17.439234151623378, 37.61379876028946, 0.3383540681661958, 0.3123450010846813, 0.20808280884608163, 0.20362241365033304, 0.21756077219806375, 0.16740016873197858, 0.25127162841453127, 0.22735449908245664, 0.17908743192237184, 0.24666341845822903, 0.16999744415946505, 0.262122534823451, 0.1653476215551887, 0.20345147916016545, 0.18281229777522184]}