{"trial": 49, "x": [2.4712416262952335, 20.626133045870986, 137.71521176148983, 91.34518500112819, 3.3890029541954743, 19.202559618303567, 27.336260074575208, 10.568691382665147, 5.067385859049102, 7.815651746537339, 7.331760655619349, 0.8564164137601633, 18.613544172810638, 0.5240293295002196, 0.48048577824641114, 7.483629811567884, 13.69876493374838, 1.9507962259156635, 0.4013641828921095, 1.043320688008988, 0.4067702647824678, 0.4383026727452144, 35.3052528040371, 12.197247946663738, 81.90868772961772, 0.606951272672168, 0.5654992789036832, 0.4384209927762779, 0.40949530734389583, 0.41866308067157476, 0.4033472464720962, 0.43904908792790565, 0.4032793642515742, 0.41526823346525177, 0.40033830458486186, 0.42401055942521104, 0.41561950958652893, 0.40288512576044333, 0.4187246313713029, 0.4024407364081579, 0.4010639623360248, 0.411816119011986, 308.12909601160663, 0.4176248336776389, 0.40896164560508197, 0.4008738624715509, 0.43713707423836645, 0.4143488165923319], "y": [2.2949191999074223, 26.705109308189087, 181.1035987900456, 58.497586655341635, 2.41521942223606, 13.881698501686648, 33.76061610264943, 5.679173028996914, 4.691439746939533, 10.021143104264217, 9.121279890313916, 0.7342979219876931, 25.49836353002898, 0.507340645392997, 0.48662019322244987, 19.35108316027632, -6.955846762409404, 1.8373956873152277, 0.43710893756744085, 0.9473963961484948, 0.40328039005361305, 0.4338412984565956, 22.13655437458719, 0.7495045174910402, 128.7239253001453, 0.619701038610998, 0.579639886612263, 0.42468725436630805, 0.4139757775233903, 0.4377887278254704, 0.4111213867152834, 0.5062789538271879, 0.40795929971814004, 0.44064376181173515, 0.39865813557450736, 0.4140940352439664, 0.42122617546453966, 0.41864019310496303, 0.42569380822132175, 0.4171501875206829, 0.40457806026540766, 0.4146576741238306, 178.8270162057927, 0.4150714219739129, 0.45124972513523787, 0.4027357597889569, 0.44261626064166393, 0.42037991789965545], "error_y": [2.51842467498441, 15.437495688938212, 33.097402724058234, 50.69826635573654, 3.3204530821757983, 13.511708574412868, 13.99371008956613, 8.634552821016761, 8.798101943876985, 10.450786695785087, 10.321946145317284, 0.9537965993659998, 13.91185009297104, 0.5000212999443155, 0.34175656982214875, 13.55536508752637, 31.316330975374484, 3.0599603460628706, 0.2822841989135394, 1.1741320497022072, 0.43704181742805315, 0.27723286720544393, 17.113980455238252, 17.811643828963717, 48.39648238291756, 0.5011954875817296, 0.5012334497491926, 0.3085012428235358, 0.28621309604573053, 0.3383618374931729, 0.26181941060955194, 0.32485151067981227, 0.31686795932973616, 0.27430860144650865, 0.3437058595924445, 0.26090813075813074, 0.3649404806809096, 0.25754737639574243, 0.2874849720458318, 0.28498414803051914, 0.30400382295159784, 0.2540864126265119, 49.109726221481544, 0.2887718699849907, 0.2827824510193474, 0.3596996025013411, 0.2937751198907111, 0.2822701741148776]}