{"trial": 31, "x": [2.4712416262952335, 20.626133045870986, 137.71521176148983, 91.34518500112819, 3.3890029541954743, 19.202559618303567, 27.336260074575208, 10.568691382665147, 5.067385859049102, 7.815651746537339, 7.331760655619349, 0.8564164137601633, 18.613544172810638, 0.5240293295002196, 0.48048577824641114, 7.483629811567884, 13.69876493374838, 1.9507962259156635, 0.4013641828921095, 1.043320688008988, 0.4067702647824678, 0.4383026727452144, 35.3052528040371, 12.197247946663738, 81.90868772961772, 0.606951272672168, 0.5654992789036832, 0.4384209927762779, 0.40949530734389583, 0.41866308067157476], "y": [1.9870844438489215, 15.347832774909056, 56.403651897329276, 49.92103008265145, 2.9602634998224175, 15.464782399435695, 32.890822464982485, 10.397635249497187, 5.3377439965614855, 9.513944756119987, 8.668990575865836, 0.8792860463791641, 24.133545766419054, 0.5722018797532229, 0.500604887195518, 3.2047828771675686, 26.813153752578962, 1.491915977301117, 0.3878034074929495, 0.9871791961108762, 0.4416836269888904, 0.42317029433385756, 33.3124673251568, 30.840446932525747, 71.79139099118233, 0.6333784192823053, 0.5599277472882562, 0.44014940944943604, 0.4323421664434228, 0.42263575734202874], "error_y": [2.294580721013655, 14.150408955996289, 40.32922909574654, 37.96380008903914, 3.1391043541751706, 12.446202104179239, 12.066792604716817, 8.121965165167305, 7.116734019355037, 8.31219947664876, 8.180007090407697, 0.7400544489288314, 12.167316320045046, 0.4776041547649692, 0.31914892953319296, 12.383360340345464, 26.281195101810084, 2.491692915417191, 0.3190060297679162, 0.8930556585723227, 0.6840507977545522, 0.2709734919438455, 15.085085894292389, 16.876440544073326, 39.40394403418891, 0.3890850183560083, 0.4088664292349803, 0.3118933252352442, 0.3829864297362394, 0.34787849928577635]}