{"trial": 31, "x": [55.041845749330484, 78.4546223767979, 2.7582408797141564, 20.69608202837636, 25.958763364161758, 13.175674148659908, 2.192616211042038, 5.136258864306655, 3.7629678973453284, 1.9952332890923312, 64.381898347721, 14.189210599976011, 15.802471562650565, 1.985616938692294, 0.5127721286082565, 0.6525264187320978, 0.42854979823023776, 5.896115611230093, 0.6757261714269394, 0.4637960507942278, 0.41462645624994643, 0.40630145843577736, 0.5467868607411877, 0.40696941327494685, 308.12909601160663, 0.4221735035570866, 0.4289127629991736, 0.4080748129761158, 0.3986794554750208, 0.43952544968514395, 0.398252129323895], "y": [91.03832521673088, 48.087342647385626, 2.013952823116025, 18.107652212377435, 15.563467670258039, 15.303844811532056, 1.4006414757205796, 4.179031766890489, 3.7883608662678405, 2.9627159485403176, 152.8778448505855, 12.286196788844093, 17.48747876280482, 2.204225246169372, 0.5247354567615261, 0.6400397251729331, 0.45091110038384485, 7.806396141114718, 0.7338220313572776, 0.4305922951608636, 0.44640849145065786, 0.4049215393377459, 0.505974859799533, 0.3922442332477125, 86.75539420304169, 0.43867990203953866, 0.41392580640093257, 0.4090625499450766, 0.431622328556589, 0.42212717704432734, 0.38980039116016485], "error_y": [30.062764623838554, 56.86519535868014, 4.083281106312207, 12.799715950753539, 12.334858420269823, 5.431891926596589, 2.7394796717516043, 6.934766966517608, 1.9163717427711147, 3.6616583748776286, 101.73993989664794, 11.117183789443924, 7.857277694084968, 1.9055009863132235, 0.5551239357365733, 0.5587369853274314, 0.5799601501382239, 10.986051744223342, 0.7059701085133088, 0.4790367189525712, 0.5662284634032884, 0.37051677583798853, 0.7175222512008147, 0.39078611199633934, 85.66660374520508, 0.5387325002403982, 0.3865812636425308, 0.3876217213469438, 0.5723007971064247, 0.45322345197834607, 0.3660041903197739]}