{"trial": 16, "x": [2.4712416262952335, 20.626133045870986, 137.71521176148983, 91.34518500112819, 3.3890029541954743, 19.202559618303567, 27.336260074575208, 10.568691382665147, 5.067385859049102, 7.815651746537339, 7.331760655619349, 0.8564164137601633, 18.613544172810638, 0.5240293295002196, 0.48048577824641114, 7.483629811567884], "y": [3.95020108016325, 15.891180553533836, 39.00976243804007, 57.315690062241806, 4.517977623352781, 12.014758052593816, 30.250479269898637, 8.081307805311923, 8.201537140686995, 10.063070034619736, 14.846050989773072, 0.8383294920372961, 18.67760523311553, 0.3531682541714787, -1.8033700002050743, 51.52093662451276], "error_y": [5.052160873288825, 22.460059412783053, 66.79873139485133, 39.29291063221956, 4.379939530738264, 12.629033626454019, 13.020978981036253, 14.48175498922068, 12.75006829623753, 14.473193583588618, 21.84365229276471, 3.1764734119533937, 16.934309805213672, 3.059187818544788, 6.667869750734918, 45.68577341822877]}