{"trial": 13, "x": [18.759037146623314, 5.1805512117900046, 78.30767416722374, 3.80132926634381, 15.240656415067026, 10.300120986942343, 22.39241817739498, 12.707706994583653, 0.4715870750413327, 4.70842078725474, 8.483773174074699, 5.205361615433589, 50.901756931480875, 2.342332652069035], "y": [21.848017454653327, 11.269882105752865, 34.887155330036904, 5.969008348600541, 20.066319605154952, 2.8297423535517297, 8.541414773830157, 17.080372827079938, 0.8806390632297258, 10.676729800335497, 9.780268101052174, 11.128279300387579, 27.001687349483255, -1.1542190741728717], "error_y": [27.004077796221644, 15.025098899382213, 34.090101334543405, 9.46199675476069, 26.62322618617703, 13.722794176588984, 20.871777741819372, 12.243426382736786, 6.248585693566792, 11.73365986309925, 19.902729673533983, 14.68772384401636, 34.09374207494038, 9.08086561621354]}