{"trial": 16, "x": [55.041845749330484, 78.4546223767979, 2.7582408797141564, 20.69608202837636, 25.958763364161758, 13.175674148659908, 2.192616211042038, 5.136258864306655, 3.7629678973453284, 1.9952332890923312, 64.381898347721, 14.189210599976011, 15.802471562650565, 1.985616938692294, 0.5127721286082565, 0.6525264187320978], "y": [48.47464208518019, 44.52795111288948, 2.941879495210493, 25.116915553518304, 27.498402641123008, 11.727179370908473, 1.7297447836736204, 5.191483601940497, 5.212684853220617, 1.548598589061882, 44.68760899942113, 9.935370555280612, 12.591837414931478, 0.5202600875217307, 1.126204023369496, 1.2464727301728935], "error_y": [18.32420079881504, 36.92849688445078, 4.8709064569112375, 11.269260682976734, 8.552209510880216, 5.561411750947723, 4.560342108402169, 6.555573939041779, 2.676552463622095, 3.1273449223209964, 47.34779949047647, 11.664970104881192, 7.1399419768053285, 3.899650654664082, 1.9819829245296983, 2.3838835974437487]}