{"trial": 20, "x": [55.041845749330484, 78.4546223767979, 2.7582408797141564, 20.69608202837636, 25.958763364161758, 13.175674148659908, 2.192616211042038, 5.136258864306655, 3.7629678973453284, 1.9952332890923312, 64.381898347721, 14.189210599976011, 15.802471562650565, 1.985616938692294, 0.5127721286082565, 0.6525264187320978, 0.42854979823023776, 5.896115611230093, 0.6757261714269394, 0.4637960507942278], "y": [45.986897505766024, 46.17804265777318, 2.344242965131718, 24.543316961179947, 29.01909474548455, 11.668917855079592, 1.3829618994055188, 4.394464863326075, 4.180048457686945, 2.1772613680408703, 45.96985158970588, 12.533167556868513, 14.256236139954249, 1.1811340297557447, 0.7598599251772526, 0.5751884276344175, 0.7399722894181053, 7.594635322185168, 0.7937658475346971, 0.9195867114346932], "error_y": [16.63966342376497, 32.48891664471047, 3.442707721544936, 8.489637375348126, 7.179837274014514, 3.780561995150815, 1.8608292830278204, 3.9864466736814923, 1.7446997947966456, 2.329277028949944, 44.22772119393276, 7.971272546170961, 5.288134218320986, 1.9661692846301506, 1.0019848582349093, 0.9193161131642229, 1.0282621929303326, 7.7434225265062, 0.8321276935075669, 1.174881417792202]}