{"trial": 20, "x": [18.759037146623314, 5.1805512117900046, 78.30767416722374, 3.80132926634381, 15.240656415067026, 10.300120986942343, 22.39241817739498, 12.707706994583653, 0.4715870750413327, 4.70842078725474, 8.483773174074699, 5.205361615433589, 50.901756931480875, 2.342332652069035, 14.592255044828748, 10.960889035651505, 0.4170317001188515, 37.21966184762728, 47.01097544044708, 0.41786971377957904], "y": [19.86696761129482, 7.89717976379171, 48.82848552035898, 6.619191304708874, 24.727190963983624, 8.104189932283889, 9.94853296085773, 17.391372406105024, 0.18971505051333182, 8.775513722203542, 8.628363103600075, 9.907310805148752, 31.656903729479502, 1.6174404082401797, 12.230321424258108, 8.251241146354603, 0.4994594534106689, 25.346119036100085, 34.066668696568, 0.5053981649131138], "error_y": [21.45792751082034, 4.04783985830602, 28.8096236029686, 7.550428001801322, 18.716967737025318, 8.207516960910754, 18.010354805799036, 10.223861936499459, 1.8981568638028619, 9.315947012994016, 7.0719538195875105, 10.997082339644255, 30.461904921990616, 3.7251246657996577, 8.741816696896077, 5.017722349792087, 2.6786964997730234, 34.59962856603594, 25.137466833582142, 2.151395013244756]}