{"trial": 26, "x": [18.759037146623314, 5.1805512117900046, 78.30767416722374, 3.80132926634381, 15.240656415067026, 10.300120986942343, 22.39241817739498, 12.707706994583653, 0.4715870750413327, 4.70842078725474, 8.483773174074699, 5.205361615433589, 50.901756931480875, 2.342332652069035, 14.592255044828748, 10.960889035651505, 0.4170317001188515, 37.21966184762728, 47.01097544044708, 0.41786971377957904, 0.6257246280473456, 10.397024159082047, 0.5524421622255016, 0.48101329710380725, 0.47722133244903553, 4.391508343088157], "y": [22.099214847989117, 6.418531604310383, 43.850935273135924, 7.9768884889841285, 9.206921174779406, 9.835349896034547, 13.537078626790494, 16.81658329698025, 0.22607718208978156, 7.675111851927341, 8.78351158109126, 9.091201943842531, 29.253355273354746, 2.5388324647990856, 14.622317375761531, 9.124781375608668, 0.3454616852905321, 14.625955378243551, 39.205221298982465, 0.504296384393685, 0.4234929883740488, 8.163124231427501, 0.5343039347290688, 0.4738917615105418, 0.5377233201593725, 19.343517776485218], "error_y": [20.96403737204214, 1.8944870853853888, 26.787411100798227, 6.03390785080389, 12.321697422079707, 7.3528419356385015, 15.685661080123257, 8.38260695696807, 0.6806398442710822, 5.5298884558903465, 5.201064732379184, 8.810001993911373, 26.551671740797705, 2.2827321975967405, 6.115918643610702, 3.0702966155602693, 0.7107828647995565, 24.678814270968054, 24.417073824843307, 0.6347100853037788, 0.7261393295264282, 6.415537905572519, 0.826124280651005, 0.7113354125182788, 0.9175074468514082, 14.067422078377907]}