{"trial": 4, "x": [18.759037146623314, 5.1805512117900046, 78.30767416722374, 3.80132926634381, 15.240656415067026], "y": [14.479107357174176, 25.53610915007716, 22.931650880593764, 29.26260007909682, 24.547922077252977], "error_y": [42.97753216529081, 60.52494418633361, 59.927930618343446, 59.62548290138286, 42.99409469180495]}