{"trial": 25, "x": [2.4712416262952335, 20.626133045870986, 137.71521176148983, 91.34518500112819, 3.3890029541954743, 19.202559618303567, 27.336260074575208, 10.568691382665147, 5.067385859049102, 7.815651746537339, 7.331760655619349, 0.8564164137601633, 18.613544172810638, 0.5240293295002196, 0.48048577824641114, 7.483629811567884, 13.69876493374838, 1.9507962259156635, 0.4013641828921095, 1.043320688008988, 0.4067702647824678, 0.4383026727452144, 35.3052528040371, 12.197247946663738], "y": [1.8531599372716272, 16.73778083754139, 44.67152250778838, 48.22723943451395, 2.7887514841883085, 13.658946131968335, 34.510085357173004, 7.720406007296761, 6.071802497418661, 10.103276404379578, 8.84604085891755, 0.948219042956584, 24.03352651679764, 0.5492018586075389, 0.5677009838685478, 2.6151308009138514, 31.724179781112987, 1.3684320337131872, 0.4389437045982554, 1.035786901396687, 0.5785779610424839, 0.4478728681181181, 32.47268545643908, 31.40479543548569], "error_y": [3.1841051353279273, 18.197692555715232, 45.268330819722735, 41.974605250477694, 4.979078789008366, 17.161101433970885, 15.88447827299879, 14.484666242154454, 9.796193172697084, 11.226304788035982, 11.854746709184065, 1.9626106998003585, 16.435330190045153, 1.4558168493076795, 1.0489835590047984, 15.097478182916273, 30.40293292712378, 4.820819762038521, 1.0795444952780635, 2.005215299343507, 1.670965237276116, 0.9665646641717475, 18.859646490504684, 20.51707737362184]}