{"trial": 36, "x": [2.4712416262952335, 20.626133045870986, 137.71521176148983, 91.34518500112819, 3.3890029541954743, 19.202559618303567, 27.336260074575208, 10.568691382665147, 5.067385859049102, 7.815651746537339, 7.331760655619349, 0.8564164137601633, 18.613544172810638, 0.5240293295002196, 0.48048577824641114, 7.483629811567884, 13.69876493374838, 1.9507962259156635, 0.4013641828921095, 1.043320688008988, 0.4067702647824678, 0.4383026727452144, 35.3052528040371, 12.197247946663738, 81.90868772961772, 0.606951272672168, 0.5654992789036832, 0.4384209927762779, 0.40949530734389583, 0.41866308067157476, 0.4033472464720962, 0.43904908792790565, 0.4032793642515742, 0.41526823346525177, 0.40033830458486186], "y": [1.9978020650817996, 15.270264229843491, 55.235114363122904, 48.53129189436079, 3.0053130574925095, 15.775401041632897, 32.9614068233814, 10.669774878781904, 5.421350331373544, 9.562530105235144, 8.82433126951644, 0.8879096664285484, 24.507361317261214, 0.5744202664648412, 0.49414061095020934, 3.397019742639591, 26.184674098868776, 1.513050941783943, 0.3932116101832719, 0.9854375191314197, 0.41622050420264856, 0.42844692126474904, 33.03339180792453, 31.50105113007077, 70.86111695397271, 0.6300731531366477, 0.5655193058021588, 0.4442746300536182, 0.42121617248540133, 0.4265420460768077, 0.39923064614343495, 0.42078714822900665, 0.41766109331045165, 0.40449311716941594, 0.406820643209727], "error_y": [2.275672934835773, 14.064766474205738, 39.51016089211316, 37.80619650045786, 2.8390440544737636, 11.88788051661444, 12.260146604937015, 7.235314589817074, 7.198807298347375, 8.457517633569102, 8.156026652970256, 0.6765323043095667, 12.527444697903707, 0.40929089229493487, 0.2540232310368452, 12.545345437614515, 25.911920712355606, 2.369877447712466, 0.2275536058301844, 0.8435339204473034, 0.4078828447469353, 0.2034074468287128, 15.3442696391183, 17.08049026540308, 38.22732994438562, 0.35476466788074507, 0.336851756405937, 0.24746225235808958, 0.25486381446008655, 0.26231145105064974, 0.20638647889971154, 0.27892787085612986, 0.2922423661890463, 0.21073898767055527, 0.314419366769451]}