{"trial": 32, "x": [18.759037146623314, 5.1805512117900046, 78.30767416722374, 3.80132926634381, 15.240656415067026, 10.300120986942343, 22.39241817739498, 12.707706994583653, 0.4715870750413327, 4.70842078725474, 8.483773174074699, 5.205361615433589, 50.901756931480875, 2.342332652069035, 14.592255044828748, 10.960889035651505, 0.4170317001188515, 37.21966184762728, 47.01097544044708, 0.41786971377957904, 0.6257246280473456, 10.397024159082047, 0.5524421622255016, 0.48101329710380725, 0.47722133244903553, 4.391508343088157, 0.7206317361268226, 0.49652476603996476, 106.9547466164382, 0.42918742693251843, 0.4074071116233817, 0.4012704260806146], "y": [37.988762100761, 5.9112597206180375, 50.463430302586275, 4.556424368349747, 4.3920568385112, 9.195492780783152, 26.818206842524503, 14.047557909802531, 0.4845897156551171, 6.2937322385844165, 9.498434425436411, 6.99202988298767, 34.29849582453737, 2.825669105264506, 14.466769012393645, 9.662739728357153, 0.3953433376026734, 9.8588932627848, 50.50837884965558, 0.45941746782425064, 0.5227469533558846, 8.895940354729163, 0.38753298176325224, 0.6125746456477703, 0.5083603412725441, 19.282525599114923, 0.7287242027824643, 0.41999496288614324, 52.02347414368999, 0.4063202234725374, 0.40048233730967553, 0.4097312289147297], "error_y": [20.340088495628358, 1.4470258794106303, 27.315586142498123, 2.487074764425412, 11.71712984079884, 4.612886000195626, 10.777792295664458, 5.139515111101345, 0.248563226820191, 3.7806399060097315, 4.274301255925127, 6.3331637491441, 26.81916426003476, 1.7187737895555266, 4.51480197858188, 2.4076179379411906, 0.25786906490749195, 27.50516836991833, 25.435661325171935, 0.27989286504850497, 0.35401531797463975, 5.297058789701979, 0.4101588574800694, 0.3559232304762579, 0.3845013783475892, 14.186302531912807, 0.4253083113155534, 0.23672095807609406, 33.854533425962025, 0.24926946811263112, 0.20884660666223645, 0.265749022147035]}