{"trial": 26, "x": [2.4712416262952335, 20.626133045870986, 137.71521176148983, 91.34518500112819, 3.3890029541954743, 19.202559618303567, 27.336260074575208, 10.568691382665147, 5.067385859049102, 7.815651746537339, 7.331760655619349, 0.8564164137601633, 18.613544172810638, 0.5240293295002196, 0.48048577824641114, 7.483629811567884, 13.69876493374838, 1.9507962259156635, 0.4013641828921095, 1.043320688008988, 0.4067702647824678, 0.4383026727452144, 35.3052528040371, 12.197247946663738, 81.90868772961772], "y": [1.9719863204330252, 14.783092370602407, 54.51249198794151, 49.048496533140906, 2.986344101324498, 14.175467449908469, 33.138626587574464, 10.222092016581724, 5.886552651705825, 10.123367019426478, 9.269534365302713, 0.8189871637152102, 25.433263423528835, 0.6475877016445715, 0.5554153878160406, 3.107811593419555, 26.68326790343782, 1.333602493643344, 0.41282869072280803, 1.0285676148843237, 0.5823429948493448, 0.43008240828470434, 32.85595427497999, 31.84208973736203, 71.20885605992504], "error_y": [2.9054331145937304, 16.49861412943866, 43.94324556335656, 41.93956994531523, 4.136912533382823, 15.421432922429604, 14.553907079475938, 10.992434225018586, 9.707920601075418, 11.072434349340318, 11.76655584353711, 1.7841524984103294, 15.126049809802598, 1.389666966721581, 1.024114352142571, 13.796836384237931, 28.587981405260223, 4.5116497566085165, 1.052724680681246, 1.9448237185697532, 1.5670788998232659, 0.9496798256584036, 17.410585527248216, 18.79931612589489, 43.99287184471308]}