{"trial": 24, "x": [55.041845749330484, 78.4546223767979, 2.7582408797141564, 20.69608202837636, 25.958763364161758, 13.175674148659908, 2.192616211042038, 5.136258864306655, 3.7629678973453284, 1.9952332890923312, 64.381898347721, 14.189210599976011, 15.802471562650565, 1.985616938692294, 0.5127721286082565, 0.6525264187320978, 0.42854979823023776, 5.896115611230093, 0.6757261714269394, 0.4637960507942278, 0.41462645624994643, 0.40630145843577736, 0.5467868607411877, 0.40696941327494685], "y": [44.46460726085654, 46.05015223440111, 2.194562912765333, 24.20685929581103, 29.680902353509182, 11.71529061267697, 1.5381474756829796, 4.393636070374072, 3.638247049645024, 2.4045229413508054, 46.82266531112656, 14.255837296215168, 15.264824057850177, 1.7306632769279542, 0.5477492530816175, 0.44423792776778726, 0.5277488874801612, 7.292018874218832, 0.7936113043238127, 0.4789555706854163, 0.494534281733797, 0.4067160588476497, 0.8005208914237638, 0.4482256818076511], "error_y": [15.240796804967024, 29.475116406908203, 2.412196010917513, 7.0577011925104305, 6.233431849328608, 3.088315774859468, 1.3852248069292878, 3.068138480041737, 1.1852300352255989, 1.9277186689023083, 41.77164350470242, 6.0578852109312225, 4.071238872593029, 1.1447679665927408, 0.4510166454140587, 0.39264175862122985, 0.46033069008804073, 6.220264639864089, 0.43458647777879794, 0.3599878809687907, 0.45746225954048403, 0.28225992331384286, 0.5272967039815194, 0.30711971682014405]}