{"trial": 17, "x": [55.041845749330484, 78.4546223767979, 2.7582408797141564, 20.69608202837636, 25.958763364161758, 13.175674148659908, 2.192616211042038, 5.136258864306655, 3.7629678973453284, 1.9952332890923312, 64.381898347721, 14.189210599976011, 15.802471562650565, 1.985616938692294, 0.5127721286082565, 0.6525264187320978, 0.42854979823023776], "y": [47.92917221803491, 45.796740515051155, 2.8491040130715124, 24.90541458198024, 27.89759070868906, 11.726230396421151, 1.4377112447560734, 4.586416887056169, 4.98956613237638, 1.5856939793617215, 45.24073363532999, 10.817074543407236, 13.108229657491796, 0.5591541439229424, 0.7468401383842824, 1.1944447934017965, 0.9233367764794558], "error_y": [17.98161003825368, 36.11383191950496, 4.446962170929551, 10.71807644441989, 8.311455750661818, 5.2125053849020935, 3.1500738832272885, 5.197551583876146, 2.5091764649190784, 2.9503248596493687, 46.68969941263064, 10.719273925506343, 6.574744316127992, 3.613377684549313, 1.4627231251973014, 2.1651724159640895, 1.3818413681373505]}