{"trial": 22, "x": [2.4712416262952335, 20.626133045870986, 137.71521176148983, 91.34518500112819, 3.3890029541954743, 19.202559618303567, 27.336260074575208, 10.568691382665147, 5.067385859049102, 7.815651746537339, 7.331760655619349, 0.8564164137601633, 18.613544172810638, 0.5240293295002196, 0.48048577824641114, 7.483629811567884, 13.69876493374838, 1.9507962259156635, 0.4013641828921095, 1.043320688008988, 0.4067702647824678, 0.4383026727452144], "y": [2.6658776693710173, 24.959626350296702, 42.88219041989058, 58.55845823604747, 4.621790793317857, 12.867321262165055, 27.20476776200136, 9.918460517018005, 7.369142565297835, 9.371672823145417, 9.969492452919985, 0.49967718437320485, 16.671458529622274, 0.709230380547119, 0.5114591062646134, 4.781847287063838, 33.14188921630435, 1.0357182631786408, 0.3449818054850766, 1.1422018002679195, 0.4326728936035309, 0.3418063052608993], "error_y": [2.187395845131226, 18.3659729983464, 53.378002827489524, 37.55441146744579, 3.0831843102779763, 10.828524686810402, 10.971958110111244, 10.514140950578064, 9.212562581618375, 10.152469804401814, 10.719041665350744, 1.55074715607847, 13.993964243899793, 1.2773792618479758, 0.9003167511732014, 21.963132802907538, 27.322262848736045, 3.5552866628588227, 0.9867233864755278, 1.688112664028499, 1.2566776761306893, 0.8737728564456634]}