{"trial": 43, "x": [18.759037146623314, 5.1805512117900046, 78.30767416722374, 3.80132926634381, 15.240656415067026, 10.300120986942343, 22.39241817739498, 12.707706994583653, 0.4715870750413327, 4.70842078725474, 8.483773174074699, 5.205361615433589, 50.901756931480875, 2.342332652069035, 14.592255044828748, 10.960889035651505, 0.4170317001188515, 37.21966184762728, 47.01097544044708, 0.41786971377957904, 0.6257246280473456, 10.397024159082047, 0.5524421622255016, 0.48101329710380725, 0.47722133244903553, 4.391508343088157, 0.7206317361268226, 0.49652476603996476, 106.9547466164382, 0.42918742693251843, 0.4074071116233817, 0.4012704260806146, 0.43257525018188936, 0.4054889246015936, 0.40304335237378375, 0.4202439741059081, 0.4054269047117387, 0.39899342020827966, 0.41681582796962857, 0.43443779957212136, 0.4212118310695079, 0.4045465348206747, 0.4118144564249242], "y": [37.24490213687955, 5.7988399803457495, 48.86133128922867, 4.631441488747031, 4.467450466058572, 8.883168056715446, 26.858797217102786, 14.177415476737243, 0.46500521570809994, 6.18668004428644, 9.320244888710722, 6.294932459253852, 34.22960850051469, 2.7030546684969323, 14.73120247970089, 9.762096585896856, 0.3980466748245668, 11.080955507074847, 49.16083104388627, 0.4410818521442952, 0.5425533537074365, 8.952302193537246, 0.4338838669703353, 0.5438548555928069, 0.47367226231805226, 19.75282711589373, 0.7347446786826755, 0.4332693103682672, 50.37876370210339, 0.41352713476411296, 0.3928272493576195, 0.40054673029546706, 0.3973022044969703, 0.43027092998730154, 0.4121140587765666, 0.43232675430624745, 0.4015074727112786, 0.39999681842744117, 0.4119471009298916, 0.49982238455549677, 0.4425984064268178, 0.4308603105780371, 0.3947422097299196], "error_y": [20.29034387525125, 1.4026343087790383, 27.023925294883625, 2.361791007082201, 11.849204371365113, 4.323661958884547, 10.619381063915606, 5.159513082304976, 0.19029675218993936, 3.5661162105597697, 4.329863869929808, 5.812821380091223, 26.027904161918617, 1.6414222997553267, 4.5071734778585295, 2.408863200583034, 0.1721406097126566, 26.287090823391416, 25.14184266827736, 0.16356952569047198, 0.32108678648060435, 5.392820543419658, 0.3105542036710277, 0.24008598710056248, 0.2633024361472838, 14.065663160808649, 0.4087929479635687, 0.18245682425370413, 32.40283520106878, 0.17531493667759712, 0.12285046717387597, 0.16446788467596493, 0.1629390964018351, 0.14460740505569272, 0.15581654511849968, 0.19078282052724738, 0.1557412688930691, 0.1269041277692875, 0.13617804042635287, 0.19201631783611817, 0.16271470882157638, 0.14567809615339808, 0.14009395094577867]}