{"trial": 39, "x": [2.4712416262952335, 20.626133045870986, 137.71521176148983, 91.34518500112819, 3.3890029541954743, 19.202559618303567, 27.336260074575208, 10.568691382665147, 5.067385859049102, 7.815651746537339, 7.331760655619349, 0.8564164137601633, 18.613544172810638, 0.5240293295002196, 0.48048577824641114, 7.483629811567884, 13.69876493374838, 1.9507962259156635, 0.4013641828921095, 1.043320688008988, 0.4067702647824678, 0.4383026727452144, 35.3052528040371, 12.197247946663738, 81.90868772961772, 0.606951272672168, 0.5654992789036832, 0.4384209927762779, 0.40949530734389583, 0.41866308067157476, 0.4033472464720962, 0.43904908792790565, 0.4032793642515742, 0.41526823346525177, 0.40033830458486186, 0.42401055942521104, 0.41561950958652893, 0.40288512576044333], "y": [2.0104268312606006, 15.154642252459034, 54.49854574535217, 47.72590341491493, 3.0341893517103014, 15.836311770614522, 33.00135356914541, 10.760057562572396, 5.462365857843983, 9.594207447290241, 8.934923077382939, 0.8907357981476043, 24.684452222649888, 0.5744362994304453, 0.49220194173132903, 3.528521286253591, 25.846308274962876, 1.5339985684220903, 0.39381863838663556, 0.9867709667881908, 0.4107225464962614, 0.4297714773571446, 32.818427565839954, 31.940891987173174, 70.19120264392421, 0.6292393591075722, 0.5663837363461965, 0.4454604600594383, 0.41813243960753077, 0.4270321787416851, 0.4002683912874314, 0.4208623744803006, 0.41361372083071934, 0.40535877022194633, 0.40300885736360925, 0.42130972076546946, 0.42895128225113766, 0.395936863651178], "error_y": [2.2392475382854236, 14.271247131038049, 39.13548366170159, 37.79533511294695, 2.77679380862538, 11.912075125248782, 12.480197142779328, 7.159979428722542, 7.300292160988717, 8.597938241695452, 8.27400091538824, 0.6603116752497739, 12.78598505890962, 0.38004828221406345, 0.23964242978973407, 12.693859535045467, 25.774301066857543, 2.321298632711627, 0.20338810566160673, 0.8257920375060879, 0.34123885769847756, 0.181237437512892, 15.597571577744468, 17.296951404279078, 37.84395811636364, 0.34793512229820595, 0.31846423941297347, 0.2215688739563495, 0.2225537954744176, 0.23463348039127047, 0.18031114676484675, 0.2602980916347552, 0.24841602228107718, 0.18825337509959747, 0.2676035344960857, 0.1813330906341707, 0.2846116312166454, 0.17667872799209905]}