{"trial": 40, "x": [2.4712416262952335, 20.626133045870986, 137.71521176148983, 91.34518500112819, 3.3890029541954743, 19.202559618303567, 27.336260074575208, 10.568691382665147, 5.067385859049102, 7.815651746537339, 7.331760655619349, 0.8564164137601633, 18.613544172810638, 0.5240293295002196, 0.48048577824641114, 7.483629811567884, 13.69876493374838, 1.9507962259156635, 0.4013641828921095, 1.043320688008988, 0.4067702647824678, 0.4383026727452144, 35.3052528040371, 12.197247946663738, 81.90868772961772, 0.606951272672168, 0.5654992789036832, 0.4384209927762779, 0.40949530734389583, 0.41866308067157476, 0.4033472464720962, 0.43904908792790565, 0.4032793642515742, 0.41526823346525177, 0.40033830458486186, 0.42401055942521104, 0.41561950958652893, 0.40288512576044333, 0.4187246313713029], "y": [2.0187536699275483, 15.1157363415652, 54.26001068079668, 47.47052986575705, 3.0363505290426023, 15.843517976854235, 33.010729078513734, 10.7901192924726, 5.480316139491567, 9.618549137309412, 8.971604326011779, 0.8913919630879796, 24.764823393695597, 0.5745624571605177, 0.4906971985009356, 3.576844586802574, 25.73078609197058, 1.539684295467202, 0.3936131798026121, 0.9852960171927627, 0.4085713122526542, 0.4298652070779898, 32.74203677607733, 32.08330852362921, 69.96607096062593, 0.6277847425810599, 0.5663478908518158, 0.44555193719309116, 0.4164785412597585, 0.4268757963428538, 0.40025801409541373, 0.42037121071718175, 0.411720382030456, 0.4052651181135971, 0.4012731554807587, 0.42141166267628805, 0.42677441662046434, 0.39589246967864433, 0.4291412347794452], "error_y": [2.207327452528623, 14.34491432269665, 39.01561383047458, 37.78616642616977, 2.7778699741241115, 11.941739809483341, 12.540022277963343, 7.156855576725186, 7.349857781997156, 8.648410335292134, 8.289599748206653, 0.6573608500118868, 12.89001190448698, 0.3784132184045332, 0.22737056843085685, 12.74403860037159, 25.73068611678198, 2.3095762116691056, 0.2018234512666656, 0.8165770713914176, 0.31994357121167927, 0.17948537408908571, 15.684196020155703, 17.369737980130612, 37.72811981971437, 0.34025113162731274, 0.31562755034740186, 0.21987862180958584, 0.20563759948664678, 0.232407912652204, 0.17847840397962442, 0.2598212575334343, 0.22957820703801154, 0.1866190338359471, 0.2490174268236673, 0.17971642069111823, 0.2645367244939657, 0.17494090649204172, 0.20544856106128354]}