{"trial": 37, "x": [55.041845749330484, 78.4546223767979, 2.7582408797141564, 20.69608202837636, 25.958763364161758, 13.175674148659908, 2.192616211042038, 5.136258864306655, 3.7629678973453284, 1.9952332890923312, 64.381898347721, 14.189210599976011, 15.802471562650565, 1.985616938692294, 0.5127721286082565, 0.6525264187320978, 0.42854979823023776, 5.896115611230093, 0.6757261714269394, 0.4637960507942278, 0.41462645624994643, 0.40630145843577736, 0.5467868607411877, 0.40696941327494685, 308.12909601160663, 0.4221735035570866, 0.4289127629991736, 0.4080748129761158, 0.3986794554750208, 0.43952544968514395, 0.398252129323895, 0.4415826631509727, 0.4086123891686988, 0.4060055204062323, 1.4211534267245884, 0.40778139962967863, 0.43189891402667513], "y": [89.91042962877407, 54.87963489004994, 2.0893885982396316, 18.427690598902096, 16.18157742894129, 15.09108942791625, 1.417698942061806, 4.21655697393766, 3.787064758957369, 2.970403052233964, 149.5076196114456, 12.327129354991971, 17.377773668735195, 2.1793453633267, 0.5138801164075879, 0.6375507586743687, 0.4375913473557347, 7.642097217825093, 0.7167542674620542, 0.4383674704172442, 0.43251551257739607, 0.40328314855732117, 0.5296746193323614, 0.39672616689948725, 86.1403244302361, 0.42632850192342886, 0.4148306533720145, 0.40834582358912286, 0.4171805739099774, 0.43095155287835496, 0.3909384655700592, 0.45433755979692236, 0.40410373137422084, 0.4346519623849794, 1.4253873888869322, 0.3947060019433408, 0.43867917684143265], "error_y": [29.539615439450138, 48.30548598410753, 3.782526135906087, 12.536596960128582, 12.11044530002673, 5.260459745367029, 2.6728655693848835, 6.800106286673119, 1.7041847965004222, 3.5151782283263646, 94.8731507447364, 10.98618778948634, 7.626006134329459, 1.7224116080423408, 0.43170464644364215, 0.5100441602163384, 0.44857248689429524, 10.363614247732324, 0.555521906112257, 0.35742523391877984, 0.4247724946617214, 0.29995201524652515, 0.39462701591837557, 0.29647318600961825, 81.26068216106313, 0.40859975189776154, 0.3204134417039075, 0.31336180128165064, 0.4306552991956819, 0.3145474092768883, 0.29260388907176355, 0.42259038011311423, 0.3007169030043233, 0.4481510667930647, 1.5448710324215105, 0.3006690923498435, 0.35319148385383997]}