{"trial": 30, "x": [18.759037146623314, 5.1805512117900046, 78.30767416722374, 3.80132926634381, 15.240656415067026, 10.300120986942343, 22.39241817739498, 12.707706994583653, 0.4715870750413327, 4.70842078725474, 8.483773174074699, 5.205361615433589, 50.901756931480875, 2.342332652069035, 14.592255044828748, 10.960889035651505, 0.4170317001188515, 37.21966184762728, 47.01097544044708, 0.41786971377957904, 0.6257246280473456, 10.397024159082047, 0.5524421622255016, 0.48101329710380725, 0.47722133244903553, 4.391508343088157, 0.7206317361268226, 0.49652476603996476, 106.9547466164382, 0.42918742693251843], "y": [38.0701901436714, 6.044598525122419, 49.60036594670011, 4.694083038596668, 4.450284934476336, 9.291444064073936, 26.978893458263784, 14.615200020644398, 0.49259425674919655, 6.653826856356874, 9.45234217303791, 7.561798099617485, 34.18056351231953, 2.788311624565015, 14.2587245472048, 9.54811944406276, 0.3767286923665285, 9.950096909159495, 50.73682143237633, 0.45010662684728686, 0.4859034659924255, 8.9718795389673, 0.33894651974545553, 0.6378033312871203, 0.5351630864411199, 19.152764046894788, 0.7280536614894366, 0.3940348959628057, 51.5588007802228, 0.3845184508710293], "error_y": [20.607186687921114, 1.6139233915797442, 28.029477567474395, 3.058418140748849, 12.036648771911372, 5.565096121397839, 12.09590844124739, 5.879762112414222, 0.36338905438027785, 4.517305921454209, 4.552870613646914, 7.174445029269943, 27.89655951761803, 1.9058434478689876, 5.1062331324312344, 2.654449724438132, 0.4267139292868798, 28.069632828100676, 25.82954895128533, 0.41113065760530987, 0.46493993129359873, 5.6606554032863405, 0.5376661645242723, 0.47129825115076024, 0.5919104782311452, 14.567702130267966, 0.518315074522957, 0.3496762809283683, 34.82029394882409, 0.397401951533377]}