{"trial": 25, "x": [55.041845749330484, 78.4546223767979, 2.7582408797141564, 20.69608202837636, 25.958763364161758, 13.175674148659908, 2.192616211042038, 5.136258864306655, 3.7629678973453284, 1.9952332890923312, 64.381898347721, 14.189210599976011, 15.802471562650565, 1.985616938692294, 0.5127721286082565, 0.6525264187320978, 0.42854979823023776, 5.896115611230093, 0.6757261714269394, 0.4637960507942278, 0.41462645624994643, 0.40630145843577736, 0.5467868607411877, 0.40696941327494685, 308.12909601160663], "y": [90.67390985108148, 46.322461223118715, 1.951490278147979, 17.815494348441277, 15.668333831652266, 15.406951466875466, 1.4058088862637277, 4.267280127255592, 3.7853499267930317, 2.9016574457251565, 159.2757455630602, 12.18696821354535, 17.662019048688418, 2.3249152381772404, 0.5627479937548081, 0.6318731762989422, 0.4990620305300659, 7.646325398398233, 0.7620312151314756, 0.39487544163371524, 0.495897700725056, 0.3949714715765644, 0.4358547950602265, 0.36524262358348025, 88.84716695890621], "error_y": [30.009412514534347, 59.528435552116456, 4.636435911274746, 13.233713142363682, 12.166807331643737, 5.476747673125491, 2.924107363617953, 7.126761047794732, 2.275893745750091, 3.890418647616581, 109.74995843850647, 11.709440684818542, 8.424169670098665, 2.39929627396125, 0.964369391422438, 0.7839008678145134, 1.027425913598792, 11.725826854741522, 0.9375424495829122, 0.7902019777231789, 1.0276090851013338, 0.6223039408887557, 1.0937082595950505, 0.6862170158655642, 90.28820147553712]}