{"trial": 40, "x": [55.041845749330484, 78.4546223767979, 2.7582408797141564, 20.69608202837636, 25.958763364161758, 13.175674148659908, 2.192616211042038, 5.136258864306655, 3.7629678973453284, 1.9952332890923312, 64.381898347721, 14.189210599976011, 15.802471562650565, 1.985616938692294, 0.5127721286082565, 0.6525264187320978, 0.42854979823023776, 5.896115611230093, 0.6757261714269394, 0.4637960507942278, 0.41462645624994643, 0.40630145843577736, 0.5467868607411877, 0.40696941327494685, 308.12909601160663, 0.4221735035570866, 0.4289127629991736, 0.4080748129761158, 0.3986794554750208, 0.43952544968514395, 0.398252129323895, 0.4415826631509727, 0.4086123891686988, 0.4060055204062323, 1.4211534267245884, 0.40778139962967863, 0.43189891402667513, 0.3992247779216118, 0.40604067048206716, 0.43077108188928825], "y": [90.03906084970775, 54.687685020839155, 2.1223777178098224, 18.61198983900572, 16.13264343451821, 15.047602528651042, 1.4365649339509297, 4.263411300147572, 3.7909299901649742, 2.952536894801293, 146.72688709908022, 12.355474542407993, 17.33216331670725, 2.182329814593592, 0.5094911918137566, 0.6367676927748391, 0.4326085845282588, 7.6446597607282385, 0.7143627360544826, 0.4389099634547744, 0.42703046538278855, 0.402766571644106, 0.5321012102739306, 0.3972027040881638, 85.1228221968176, 0.42139522897773496, 0.41460657353608, 0.4080751600183934, 0.41153829514206564, 0.432155718970586, 0.3908816729227471, 0.4492582880674192, 0.4044740355738998, 0.42845444507266706, 1.447475444456371, 0.39486686256227976, 0.43797869792990696, 0.39464031778853403, 0.40921128717808664, 0.4511911953425525], "error_y": [29.801594343054518, 47.880492219542084, 3.728643648070979, 12.63521586015234, 12.343003727245486, 5.3551233551317265, 2.666670317275579, 6.6901089871348915, 1.6851994247868627, 3.456293893204893, 92.15265599713717, 11.074081019794075, 7.644068646372079, 1.695262721475268, 0.37263251073054754, 0.4978447400557478, 0.3850053525301184, 10.290848777547613, 0.5367314086306361, 0.3406359338246293, 0.3548282677047226, 0.27956857902419724, 0.37550368385340743, 0.2764610891968311, 79.70957707347472, 0.3438123466062935, 0.30256965332426244, 0.2924231399454395, 0.36080759385596867, 0.29459081011555877, 0.2723416229574266, 0.3553216570242763, 0.27994185512194275, 0.3764299100537797, 1.5332149209508663, 0.28151989278818595, 0.3325310588495003, 0.2753951343764785, 0.3474866259135551, 0.36807185114745256]}