{"trial": 22, "x": [18.759037146623314, 5.1805512117900046, 78.30767416722374, 3.80132926634381, 15.240656415067026, 10.300120986942343, 22.39241817739498, 12.707706994583653, 0.4715870750413327, 4.70842078725474, 8.483773174074699, 5.205361615433589, 50.901756931480875, 2.342332652069035, 14.592255044828748, 10.960889035651505, 0.4170317001188515, 37.21966184762728, 47.01097544044708, 0.41786971377957904, 0.6257246280473456, 10.397024159082047], "y": [19.97809918768271, 6.839529907543678, 50.64809721182177, 6.68614295416989, 24.570330087731406, 8.348261502852408, 9.924386208642371, 16.685355991709063, 0.20610506037668586, 8.162030791041202, 8.360340224067743, 9.822028902056335, 31.58770835472197, 1.9595805611839996, 14.063958456816998, 8.577807195711184, 0.48628630632747694, 25.617372969376387, 33.92772410418192, 0.4852379954897508, 0.44107266809616874, 8.972486224943163], "error_y": [20.316665052565522, 2.1858680470457093, 26.917150493048986, 6.7465994839570556, 17.722930095611304, 7.535792101311145, 16.686890504067414, 9.043680756984667, 1.5482500932318548, 6.852321564002259, 5.478561753456004, 9.920542351317042, 28.221659160637106, 2.5471691637144342, 5.817966065112483, 3.776937151063136, 1.5457687141527465, 33.225534941510844, 23.756209901752726, 1.7601070253824207, 1.2298073266604148, 6.4771031588593075]}