{"trial": 29, "x": [18.759037146623314, 5.1805512117900046, 78.30767416722374, 3.80132926634381, 15.240656415067026, 10.300120986942343, 22.39241817739498, 12.707706994583653, 0.4715870750413327, 4.70842078725474, 8.483773174074699, 5.205361615433589, 50.901756931480875, 2.342332652069035, 14.592255044828748, 10.960889035651505, 0.4170317001188515, 37.21966184762728, 47.01097544044708, 0.41786971377957904, 0.6257246280473456, 10.397024159082047, 0.5524421622255016, 0.48101329710380725, 0.47722133244903553, 4.391508343088157, 0.7206317361268226, 0.49652476603996476, 106.9547466164382], "y": [38.089431021213215, 6.09291723203229, 49.19279454902966, 4.784820870181292, 4.509237266740891, 9.330010533086533, 27.08648540582496, 15.016298302470043, 0.4938206598775299, 6.780449916616934, 9.382536841766266, 7.8174825884312344, 34.316554383661924, 2.733639149789692, 14.157803522455502, 9.508243691894148, 0.3396526875159367, 10.016494649219567, 50.78377091893019, 0.44324511740741457, 0.43240186676982795, 9.08686823824993, 0.3231045802509982, 0.6432986748012066, 0.5269440212915004, 19.04245686109025, 0.7259762690715981, 0.3823656032087541, 51.33560319723094], "error_y": [20.726529793601653, 1.702491408186108, 28.36376002877233, 3.393982006679684, 12.181159834807092, 6.083995482264383, 12.850294441024689, 6.289908852710161, 0.4241492538964372, 4.843486212845391, 4.7358002668959065, 7.592332200682072, 28.339700990371867, 2.0684042267159426, 5.398796890888955, 2.820219247856087, 0.6050763125082379, 28.355728066648624, 26.018065137944347, 0.4776108196221567, 0.6143316533853899, 5.866877331954423, 0.5960460339201588, 0.5297546052100696, 0.77321053864812, 14.741910439422645, 0.5689317210902365, 0.4101473641309289, 35.28568638321805]}