{"trial": 3, "x": [2.4712416262952335, 20.626133045870986, 137.71521176148983, 91.34518500112819], "y": [62.91834843105528, 66.73923074924448, 60.89779581388387, 61.82652079684147], "error_y": [123.15794365034608, 123.01084126630174, 123.0310018907049, 123.13772256548046]}