{"trial": 15, "x": [55.041845749330484, 78.4546223767979, 2.7582408797141564, 20.69608202837636, 25.958763364161758, 13.175674148659908, 2.192616211042038, 5.136258864306655, 3.7629678973453284, 1.9952332890923312, 64.381898347721, 14.189210599976011, 15.802471562650565, 1.985616938692294, 0.5127721286082565], "y": [48.94282797489623, 43.24715299427779, 3.0428563581635046, 25.26957374839732, 26.882552203177106, 12.020982416623253, 1.7686473466570583, 5.291932717195422, 6.104023398297992, 1.4928000070613123, 44.75201231394246, 6.561239788723578, 12.464833046749739, 0.1996815028026937, 1.1644032769834567], "error_y": [18.825959742507703, 37.915808719788956, 5.354806884225499, 13.371632189217175, 9.028818319081644, 7.787178431546849, 5.0023946647942905, 7.173035707485874, 3.488234959448512, 3.3476256984036437, 48.096533943298425, 14.593223649824406, 7.67814485444425, 7.0725892235550205, 2.1349312259430593]}