{"trial": 21, "x": [55.041845749330484, 78.4546223767979, 2.7582408797141564, 20.69608202837636, 25.958763364161758, 13.175674148659908, 2.192616211042038, 5.136258864306655, 3.7629678973453284, 1.9952332890923312, 64.381898347721, 14.189210599976011, 15.802471562650565, 1.985616938692294, 0.5127721286082565, 0.6525264187320978, 0.42854979823023776, 5.896115611230093, 0.6757261714269394, 0.4637960507942278, 0.41462645624994643], "y": [45.741441531461824, 46.71567719433354, 2.2131247676991244, 24.36676871924758, 29.116293779341298, 11.733362633681324, 1.4007804485037276, 4.309085883736184, 4.0229215089069434, 2.274394366406465, 46.26375115579358, 13.019187383159704, 14.629186729927868, 1.3072160735919898, 0.6222786765018125, 0.5581397181801595, 0.5947877100425263, 7.680616306276352, 0.7946221861010443, 0.8690865623161486, 0.5763414143256274], "error_y": [16.309958532324163, 31.78902390517016, 3.097611955686361, 8.051212885479696, 6.9579780002040215, 3.5702504952887626, 1.6656255297962785, 3.509907460039288, 1.6176087167687292, 2.200215847642129, 43.5934041516074, 7.370582199554641, 4.911640556047184, 1.7520583766597024, 0.6906330862224435, 0.8003993797529078, 0.7060550385657403, 7.322175110787318, 0.7141891159088163, 1.0422261963739836, 0.7117162994328132]}