{"trial": 48, "x": [2.4712416262952335, 20.626133045870986, 137.71521176148983, 91.34518500112819, 3.3890029541954743, 19.202559618303567, 27.336260074575208, 10.568691382665147, 5.067385859049102, 7.815651746537339, 7.331760655619349, 0.8564164137601633, 18.613544172810638, 0.5240293295002196, 0.48048577824641114, 7.483629811567884, 13.69876493374838, 1.9507962259156635, 0.4013641828921095, 1.043320688008988, 0.4067702647824678, 0.4383026727452144, 35.3052528040371, 12.197247946663738, 81.90868772961772, 0.606951272672168, 0.5654992789036832, 0.4384209927762779, 0.40949530734389583, 0.41866308067157476, 0.4033472464720962, 0.43904908792790565, 0.4032793642515742, 0.41526823346525177, 0.40033830458486186, 0.42401055942521104, 0.41561950958652893, 0.40288512576044333, 0.4187246313713029, 0.4024407364081579, 0.4010639623360248, 0.411816119011986, 308.12909601160663, 0.4176248336776389, 0.40896164560508197, 0.4008738624715509, 0.43713707423836645], "y": [2.300354506376742, 26.7537154832796, 180.97819423623778, 58.6672151963962, 2.4031101626632605, 13.83126351183394, 33.74612611313329, 5.657781878283462, 4.663879354644019, 10.009855878900693, 9.087932483629361, 0.7315890181333664, 25.463250759398306, 0.5095521618651908, 0.4870798198660218, 19.31635139830354, -7.11707615064741, 1.8449964458643766, 0.43765509116161283, 0.9478802477641928, 0.40362819711599585, 0.43355847185269525, 22.173830905544886, 0.7066236247794855, 128.8047986397056, 0.6204196725746733, 0.5780987168095137, 0.42552902728157704, 0.41438753354129787, 0.43902469069519157, 0.4115814035791239, 0.5066215380678614, 0.4083532906088543, 0.44056489810822086, 0.39901720216007774, 0.41442787793922164, 0.42162836784983426, 0.4188570387098629, 0.42610107082558457, 0.4179144804352326, 0.4049711123659918, 0.4148007988309139, 179.80066730555077, 0.41582566606042093, 0.4515496724787873, 0.4031131316664087, 0.4430734301726744], "error_y": [2.5152009076869692, 15.326604498219, 32.89386767568809, 50.56495790419456, 3.310615426971965, 13.456966953970424, 13.911327158671057, 8.630160590042706, 8.732738617613233, 10.390518799679487, 10.290918638078756, 0.9548114759785298, 13.789294538887836, 0.5022391058195426, 0.3545196382165543, 13.461522034336342, 31.241822981595487, 3.0699621265416197, 0.2845170495799009, 1.187289038063358, 0.4512701374138476, 0.2796395371270623, 16.984359329085773, 17.671110906496605, 48.399458933211115, 0.511189985293551, 0.5041614440645176, 0.31073364072475185, 0.3012850071492816, 0.3408753848987413, 0.26421178360464226, 0.3264450503934305, 0.33181085570942487, 0.27668434812218384, 0.3583577387052334, 0.2631848556780522, 0.3793667086382267, 0.2599361425207901, 0.30256145385305555, 0.2874082572662253, 0.3190739691412067, 0.25646799045404267, 49.03864152861901, 0.29112434822852196, 0.2849157352447545, 0.37427984152083854, 0.30788877232852563]}