{"trial": 21, "x": [18.759037146623314, 5.1805512117900046, 78.30767416722374, 3.80132926634381, 15.240656415067026, 10.300120986942343, 22.39241817739498, 12.707706994583653, 0.4715870750413327, 4.70842078725474, 8.483773174074699, 5.205361615433589, 50.901756931480875, 2.342332652069035, 14.592255044828748, 10.960889035651505, 0.4170317001188515, 37.21966184762728, 47.01097544044708, 0.41786971377957904, 0.6257246280473456], "y": [19.84244180236821, 7.664949691856837, 48.7449281596471, 6.600659344311012, 24.671728018994163, 8.324351122860032, 10.157968228703883, 17.341405105579078, 0.19021659804873892, 8.275912894645062, 8.877819749034975, 9.662304780977209, 31.617757446031057, 2.0970375273051314, 12.076010183481841, 8.484249829745913, 0.5181368438482536, 25.47255809243586, 34.07290742139672, 0.5388226371892912, 0.4538094717696133], "error_y": [21.251095041446142, 3.6982139288147367, 28.439845185568455, 7.281187691594998, 18.553191118492283, 8.031216904982362, 17.68057632175458, 9.922258468298493, 1.605888174630883, 8.275364823170525, 6.277726953156711, 10.626675892914234, 29.78642986883588, 2.7633072019372498, 8.369401412254023, 4.48185260539009, 1.6145441926898487, 34.29196297151564, 24.876450374406062, 1.8316525512638242, 1.2774996398374519]}