{"trial": 22, "x": [55.041845749330484, 78.4546223767979, 2.7582408797141564, 20.69608202837636, 25.958763364161758, 13.175674148659908, 2.192616211042038, 5.136258864306655, 3.7629678973453284, 1.9952332890923312, 64.381898347721, 14.189210599976011, 15.802471562650565, 1.985616938692294, 0.5127721286082565, 0.6525264187320978, 0.42854979823023776, 5.896115611230093, 0.6757261714269394, 0.4637960507942278, 0.41462645624994643, 0.40630145843577736], "y": [45.484877205792685, 47.11499639444148, 2.1725406340681594, 24.238219704621734, 29.222912847309715, 11.778231015049338, 1.4371701213230885, 4.292514077012164, 3.841670303296592, 2.3341895805193538, 46.33497830586455, 13.472418038902477, 14.929891851525735, 1.4067152808232688, 0.5931406907632937, 0.5148109910360752, 0.5700819576394576, 7.678215542822585, 0.7741189507860042, 0.7235071759560032, 0.5455740179350652, 0.5099455222461717], "error_y": [15.972649360082569, 31.174031969219616, 2.8300323260270797, 7.667898442500372, 6.724220854801666, 3.391393400808794, 1.5462993045374176, 3.3156784671066917, 1.4084725477938769, 2.091436202994163, 42.96980225145661, 6.799074985753675, 4.59639355800983, 1.5390541716478858, 0.593468204094889, 0.6044504122207243, 0.6052014510316907, 6.9342790222278285, 0.572843590707141, 0.7665423481325916, 0.6086656508845766, 0.49458442484660636]}