{"trial": 4, "x": [2.4712416262952335, 20.626133045870986, 137.71521176148983, 91.34518500112819, 3.3890029541954743], "y": [49.15509737452153, 60.114169719549444, 51.4093756330951, 49.97493272032652, 33.36104061754922], "error_y": [115.8613259230226, 108.99759626131359, 116.62869983207716, 117.87044371979178, 108.88965383048615]}