{"trial": 25, "x": [18.759037146623314, 5.1805512117900046, 78.30767416722374, 3.80132926634381, 15.240656415067026, 10.300120986942343, 22.39241817739498, 12.707706994583653, 0.4715870750413327, 4.70842078725474, 8.483773174074699, 5.205361615433589, 50.901756931480875, 2.342332652069035, 14.592255044828748, 10.960889035651505, 0.4170317001188515, 37.21966184762728, 47.01097544044708, 0.41786971377957904, 0.6257246280473456, 10.397024159082047, 0.5524421622255016, 0.48101329710380725, 0.47722133244903553], "y": [20.212360166257866, 6.380655033220236, 51.1842814924691, 6.36168633489965, 24.290312104869614, 9.659471478669301, 12.096780018697014, 16.016453003156624, 0.3095834212446764, 7.573656205839205, 8.618308631113234, 8.966365636495793, 30.977050279822464, 2.347154405278001, 14.317871151718826, 9.101865487150645, 0.3601232939263763, 26.176158126085674, 34.093787124213854, 0.4856031391897666, 0.44320591041453206, 8.273994033677281, 0.6353672044216925, 0.41208455620486006, 0.5529778617074932], "error_y": [19.679844222717453, 1.580733814126684, 25.877346450269442, 5.72146397644851, 17.254942961541, 5.825922260495006, 14.047104434911807, 7.8453060222306705, 0.619862717109396, 5.2774366889522435, 4.619214165740369, 8.759115509115604, 26.73683246843703, 2.0522289395766373, 5.00611434764005, 2.705632853112995, 0.6773147012423024, 32.29080022482124, 23.012498094821712, 0.6104893270839483, 0.6736897571245428, 5.493065074050721, 0.7032019693387042, 0.624013410090395, 0.8487087930666316]}