{"trial": 15, "x": [2.4712416262952335, 20.626133045870986, 137.71521176148983, 91.34518500112819, 3.3890029541954743, 19.202559618303567, 27.336260074575208, 10.568691382665147, 5.067385859049102, 7.815651746537339, 7.331760655619349, 0.8564164137601633, 18.613544172810638, 0.5240293295002196, 0.48048577824641114], "y": [3.340187256561066, 42.0511981959055, 58.83402164240553, 63.85401968220589, 5.309509813623869, 11.812840007785509, 31.321477435612117, 3.4477698854736616, 8.132792623626592, 9.965429872124272, 12.122457227462341, 0.5772769278874783, 12.205361624809132, 0.5760274542243913, -1.1694932217183691], "error_y": [4.738187246309684, 29.217575517349015, 71.59916567594847, 32.94630141342109, 4.2635615414831864, 10.806051271970553, 10.322501041059171, 14.44338516444863, 11.152599981919714, 11.707411939108406, 18.35927852519139, 3.0638104404393793, 15.902282217669736, 2.689290827435277, 6.40701043022351]}