{"trial": 5, "x": [2.4712416262952335, 20.626133045870986, 137.71521176148983, 91.34518500112819, 3.3890029541954743, 19.202559618303567], "y": [39.02019166600538, 58.26153836297754, 51.11903508219638, 45.35673590756003, 27.925762564368338, 4.856500200601587], "error_y": [73.93870033820842, 90.02810692941192, 104.73702730779233, 106.70359871358507, 71.85018194448193, 59.06624469221691]}