{"trial": 33, "x": [2.4712416262952335, 20.626133045870986, 137.71521176148983, 91.34518500112819, 3.3890029541954743, 19.202559618303567, 27.336260074575208, 10.568691382665147, 5.067385859049102, 7.815651746537339, 7.331760655619349, 0.8564164137601633, 18.613544172810638, 0.5240293295002196, 0.48048577824641114, 7.483629811567884, 13.69876493374838, 1.9507962259156635, 0.4013641828921095, 1.043320688008988, 0.4067702647824678, 0.4383026727452144, 35.3052528040371, 12.197247946663738, 81.90868772961772, 0.606951272672168, 0.5654992789036832, 0.4384209927762779, 0.40949530734389583, 0.41866308067157476, 0.4033472464720962, 0.43904908792790565], "y": [1.9948412311663795, 15.393499153954938, 56.0173091927738, 49.38705985206254, 2.9981090574559808, 15.695223993222045, 32.89139134813869, 10.560813554316315, 5.375272535556935, 9.538646018342302, 8.726372701261264, 0.8838248722303934, 24.259087779605135, 0.5734244764284373, 0.4995053638715401, 3.284727589934384, 26.511562435625237, 1.5032468963920493, 0.39244984989865195, 0.9848362109099789, 0.4378079504589305, 0.4269214152483496, 33.239763263309, 31.03954835590516, 71.55315905138318, 0.6330767859563462, 0.563824579842283, 0.4431864223073152, 0.43051060339976566, 0.426009501738152, 0.3981662447651182, 0.42028177606544403], "error_y": [2.2839839464494847, 13.880539586303636, 39.90913287802463, 37.81769496029861, 2.845414970241313, 11.901249164909641, 12.03927050513795, 7.303516137320833, 7.0488397221325085, 8.3326410023153, 8.156798187275268, 0.7048279118920145, 12.210914301739018, 0.420397471150559, 0.3011660068272409, 12.39597832507086, 26.055470019436953, 2.420725897873713, 0.2480334195238577, 0.8609757933565554, 0.6566010760774568, 0.22320949902206508, 15.090029739721794, 16.869490892900792, 38.63505023684272, 0.3712709608152808, 0.362740204108116, 0.26154015860743535, 0.36225205113405345, 0.2800861733761, 0.2251000119476394, 0.2993405728127151]}