{"trial": 7, "x": [18.759037146623314, 5.1805512117900046, 78.30767416722374, 3.80132926634381, 15.240656415067026, 10.300120986942343, 22.39241817739498, 12.707706994583653], "y": [14.821195932499435, 27.254487390076466, 29.800686577103797, 13.84875202046599, 25.35091658966448, 11.90966019997279, 9.999056350679668, 9.229809478978115], "error_y": [31.83404249851898, 45.02844845789744, 44.4101536003166, 16.684357291438804, 31.951430342656366, 28.869150138952993, 24.931706456739352, 19.247567945606185]}